SAP ID,ID do Transformador,SAP ID.1,ID da subestação,Nome da Subestação 31/12/2018 [Local de Origem],Ano fabrico,"Data de entrada em exploração 
[mm-aaaa]","Data da última alteração 
[aaaa]",Nº TP na Instalação,Nº Série,Situação,Data Movimentação,Motivo,Observações,Data Atualização,ID do Local Instalação,Nome Local Instalação,Nº TP na Instalação.1,Def. Projecto (só TP novos),Observações.1,Unnamed: 20,Unnamed: 21,Unnamed: 22,Motivo Rotação
280190588,760860,280190588,1511S5021000,SANTANA,1980.0,12-1982,,2.0,19309 C,Em exploração,,,,,,,,,,,,,por Avaria
280190589,760867,280190589,1511S5021000,SANTANA,1972.0,12-1982,,1.0,13016,Em exploração,,,,,,,,,,,,,Instalação desativada
280190590,760874,280190590,1503S5021100,PORTAGEM,1978.0,12-1979,,1.0,LEL 12867,Em exploração,,,,,,,,,,,,,Adequar Potência da instalação
280190591,760889,280190591,1503S5021100,PORTAGEM,1978.0,12-1980,2016.0,2.0,LEL 12865,Em exploração,,,,,,,,,,,,,
280190592,760896,280190592,1503S5021700,LARANJEIRO,1978.0,12-1982,,1.0,LEL 12868,Em exploração,,,,,,,,,,,,,
280190593,760903,280190593,1503S5021700,LARANJEIRO,1978.0,12-1982,,2.0,LEL 12866,Em exploração,,,,,,,,,,,,,
280190594,760910,280190594,1510S5022300,SEIXAL,1984.0,12-1984,,2.0,19454 C,Em exploração,,,,,,,,,,,,,
280190595,760917,280190595,1510S5022300,SEIXAL,1984.0,12-1984,,1.0,19453 C,Em exploração,,,,,,,,,,,,,
280190598,760952,280190598,1503S5020400,SOBREDA,1979.0,12-1980,,3.0,19285 C,Em exploração,,,,,,,,,,,,,
280190599,760959,280190599,1503S5020400,SOBREDA,1980.0,12-1984,,1.0,19300 C,Em exploração,,,,,,,,,,,,,
280190600,760966,280190600,1503S5020400,SOBREDA,1982.0,12-1984,,2.0,LEL 19884,Em exploração,,,,,,,,,,,,,
280190601,760973,280190601,1504S5020200,COINA,1984.0,12-1985,,3.0,19459 C,Em exploração,,,,,,,,,,,,,
280898222,760987,280898222,1504S5020200,COINA,2016.0,10-2016,,2.0,C 1000 A,Em exploração,,,,,,,,,,,,,
280190604,760994,280190604,1504S5020300,BARREIRO,1988.0,12-1983,,1.0,LEL 30831,Em exploração,,,,,,,,,,,,,
280190606,761008,280190606,1504S5022700,QUIMIPARQUE,1975.0,12-1976,,1.0,LEL 9637,Em exploração,,,,,,,,,,,,,
280190607,761022,280190607,1511S5020600,QUINTA DO CONDE,2003.0,12-2003,,1.0,C 0035 A,Em exploração,,,,,,,,,,,,,
280190608,761036,280190608,1508S5031800,CARRASCAS,1983.0,06-1999,,1.0,19409 C,Em exploração,,,,,,,,,,,,,
280190610,761050,280190610,1512S5032400,BRASIL,1981.0,04-1993,,1.0,19352 C,Em exploração,,,,,,,,,,,,,
280190611,761057,280190611,1512S5032400,BRASIL,1981.0,04-1993,,2.0,19353 C,Em exploração,,,,,,,,,,,,,
280190612,761064,280190612,1506S5031400,MOITA,2003.0,11-2003,,1.0,C 0034 A,Em exploração,,,,,,,,,,,,,
280190613,761071,280190613,0806S5060700,LAGOA,1982.0,01-2005,,2.0,19382 C,Em exploração,,,,,,,,,,,,,
280190614,761078,280190614,1507S5030900,PEGÕES,1980.0,12-1982,,3.0,LEL 16228,Em exploração,,,,,,,,,,,,,
280190615,761085,280190615,1507S5030900,PEGÕES,1980.0,12-1982,,1.0,LEL 16537,Em exploração,,,,,,,,,,,,,
280190616,761092,280190616,1507S5030900,PEGÕES,1981.0,12-1982,,2.0,19339 C,Em exploração,,,,,,,,,,,,,
280812424,761099,280812424,1512S5030700,SÃO SEBASTIÃO,2012.0,12-2012,,4.0,C 0703 A,Em exploração,,,,,,,,,,,,,
280190619,761113,280190619,1512S5030700,SÃO SEBASTIÃO,1971.0,12-1982,,2.0,10497 C,Em exploração,,,,,,,,,,,,,
280190620,761120,280190620,1512S5030700,SÃO SEBASTIÃO,1978.0,12-1974,,1.0,13050 C,Em exploração,,,,,,,,,,,,,
280190621,761127,280190621,1502S5030600,SÃO FRANCISCO,1986.0,11-1992,,2.0,LEL 27285,Em exploração,,,,,,,,,,,,,
280190622,761134,280190622,1502S5030600,SÃO FRANCISCO,1986.0,03-2001,,1.0,LEL 27284,Em exploração,,,,,,,,,,,,,
280190623,761141,280190623,1504S5020200,COINA,1978.0,05-1993,2016.0,1.0,16637 S,Em exploração,,,,,,,,,,,,,
280190625,761155,280190625,0706S5041300,MONTEMOR,1982.0,11-1983,,1.0,19399 C,Em exploração,,,,,,,,,,,,,
280190626,761162,280190626,0707S3041200,MORA,1969.0,02-1972,,1.0,LEL 5309,Em exploração,,,,,,,,,,,,,
280217235,761169,280217235,0704S5041600,ESTREMOZ,1968.0,03-2006,,1.0,LEL 3724,Em exploração,,,,,,,,,,,,,
280190630,761197,280190630,0705S5042000,ÉVORA,1981.0,12-1985,,1.0,LEL 17878,Em exploração,,,,,,,,,,,,,
280190631,761204,280190631,0705S5042000,ÉVORA,1981.0,12-1985,,2.0,LEL 17877,Em exploração,,,,,,,,,,,,,
280892025,761239,280892025,0701S5042100,TERENA,1969.0,05-2016,,1.0,LEL 5310,Em exploração,2019-01-01,Avaria,,,,,,,,,,,
280190634,761246,280190634,0703S5040900,BORBA,1995.0,12-1997,,1.0,C 12945,Em exploração,,,,,,,,,,,,,
280190636,761267,280190636,0711S5042400,REGUENGOS DE MONSARAZ,1981.0,12-1984,,2.0,LEL 19867,Em exploração,,,,,,,,,,,,,
280190637,761274,280190637,0711S5042400,REGUENGOS DE MONSARAZ,1981.0,12-1982,,3.0,LEL 19866,Em exploração,,,,,,,,,,,,,
280190638,761281,280190638,0714S5042700,VILA VIÇOSA,1982.0,12-1983,,1.0,LEL 21688,Em exploração,,,,,,,,,,,,,
280190639,761288,280190639,0714S5042700,VILA VIÇOSA,1982.0,12-1983,,2.0,LEL 21687,Em exploração,,,,,,,,,,,,,
280190641,761302,280190641,0202S5050400,ALMODÔVAR,1994.0,12-1997,,1.0,LEL 47930,Em exploração,,,,,,,,,,,,,
280190642,761316,280190642,0213S5050300,SERPA,1971.0,09-1971,,2.0,13009 C,Em exploração,,,,,,,,,,,,,
280190645,761337,280190645,0211S5053600,SÃO TEOTÓNIO,1971.0,12-1971,,1.0,13008 C,Em exploração,,,,,,,,,,,,,
280190647,761351,280190647,0205S5050100,BEJA,1984.0,12-1986,,2.0,LEL 23879,Em exploração,,,,,,,,,,,,,
280190648,761358,280190648,1509S5054000,SANTIAGO,1974.0,12-1974,,2.0,13071 C,Em exploração,,,,,,,,,,,,,
280190649,761365,280190649,1509S5054000,SANTIAGO,1973.0,12-1973,,1.0,13048 C,Em exploração,,,,,,,,,,,,,
280190650,761372,280190650,0705S5042200,CAEIRA,2006.0,11-1997,,1.0,C 0143 A,Em exploração,,,,,,,,,,,,,
280190651,761379,280190651,0210S5052300,MOURA,1959.0,12-2006,2016.0,2.0,3592,Em exploração,,,,,,,,,,,,,
280190653,761393,280190653,0210S5052300,MOURA,1979.0,12-1980,,1.0,19270 C,Em exploração,,,,,,,,,,,,,
280190654,761407,280190654,1501S5053900,VALE DE GAIO,1967.0,01-1995,,2.0,LEL 2815,Em exploração,,,,,,,,,,,,,
280190655,761414,280190655,0201S5050500,ALJUSTREL,1963.0,12-1964,,2.0,5819,Em exploração,,,,,,,,,,,,,
280190656,761421,280190656,0201S5050500,ALJUSTREL,1966.0,12-1968,,1.0,7662 S,Em exploração,,,,,,,,,,,,,
280190659,761442,280190659,0202S5052400,PORTEIRINHOS,1978.0,12-1980,,1.0,19253 C,Em exploração,,,,,,,,,,,,,
280190660,761456,280190660,0805S5060100,BRACIAIS,1995.0,05-1997,,1.0,C 13077,Em exploração,,,,,,,,,,,,,
280190661,761463,280190661,0805S5060100,BRACIAIS,2000.0,12-2002,,2.0,C 13852,Em exploração,,,,,,,,,,,,,
280190662,761470,280190662,0806S5060700,LAGOA,2002.0,12-2002,,1.0,C 10075,Em exploração,,,,,,,,,,,,,
280190664,761484,280190664,0808S5060200,LOULÉ,1984.0,06-2002,,1.0,19451 C,Em exploração,,,,,,,,,,,,,
280579533,761498,280579533,0807S5063100,LAGOS,2008.0,11-2008,,2.0,C 0316 A,Em exploração,,,,,,,,,,,,,
280190666,761512,280190666,0801S5063000,ALBUFEIRA,1991.0,06-1992,,1.0,LEL 39647,Em exploração,,,,,,,,,,,,,
280190668,761526,280190668,0808S5063300,QUARTEIRA,1991.0,12-1992,,1.0,LEL 39652,Em exploração,,,,,,,,,,,,,
280190669,761533,280190669,0808S5063300,QUARTEIRA,1991.0,12-1992,,2.0,LEL 39651,Em exploração,,,,,,,,,,,,,
280190672,761554,280190672,0810S5063600,OLHÃO,1990.0,04-1991,,1.0,C 12041,Em exploração,,,,,,,,,,,,,
280190673,761561,280190673,0810S5063600,OLHÃO,1990.0,02-1991,,2.0,C 12042,Em exploração,,,,,,,,,,,,,
280190675,761589,280190675,0813S5062000,SILVES,1995.0,02-2004,,1.0,C 12924,Em exploração,,,,,,,,,,,,,
280190676,761596,280190676,0813S5062800,ARMAÇÃO DE PERA,1991.0,12-1992,,2.0,LEL 39650,Em exploração,,,,,,,,,,,,,
280190677,761603,280190677,0813S5062800,ARMAÇÃO DE PERA,1991.0,12-1992,,1.0,LEL 39649,Em exploração,,,,,,,,,,,,,
280192330,761624,280192330,0804S5060600,ALDEIA NOVA,1984.0,12-1985,,2.0,19455 C,Em exploração,,,,,,,,,,,,,
280192331,761631,280192331,0804S5060600,ALDEIA NOVA,1984.0,12-1985,,1.0,19457 C,Em exploração,,,,,,,,,,,,,
280190678,761638,280190678,0814S5060300,CACHOPO,1971.0,09-1972,,1.0,10499 C,Em exploração,,,,,,,,,,,,,
280594250,761666,280594250,0811S5063200,PORTIMÃO,2009.0,06-2009,,2.0,C 0382 A,Em exploração,,,,,,,,,,,,,
280190681,761673,280190681,0808S5063400,VILAMOURA,1994.0,07-1993,,1.0,LEL 46331,Em exploração,,,,,,,,,,,,,
280190682,761680,280190682,0808S5063400,VILAMOURA,1994.0,06-1995,,2.0,LEL 50000,Em exploração,,,,,,,,,,,,,
280190683,761687,280190683,0805S5062500,TORRE NATAL,1982.0,12-1984,,1.0,19387 C,Em exploração,,,,,,,,,,,,,
280190684,761694,280190684,0805S5062500,TORRE NATAL,1984.0,12-1984,2017.0,2.0,19456 C,Em exploração,,,,,,,,,,,,,
280190685,761701,280190685,0814S5062600,TAVIRA,1981.0,12-1982,,1.0,19342 C,Em exploração,,,,,,,,,,,,,
280190686,761708,280190686,0814S5062600,TAVIRA,1981.0,12-1982,,2.0,19341 C,Em exploração,,,,,,,,,,,,,
280190688,761722,280190688,0815S5061600,VILA DO BISPO,1997.0,01-1998,,1.0,LEL 64391,Em exploração,,,,,,,,,,,,,
280190689,761729,280190689,1512S5031900,TERROA,1974.0,12-1974,,1.0,13074 C,Em exploração,,,,,,,,,,,,,
280190690,761736,280190690,1512S5031900,TERROA,1980.0,12-1984,,2.0,15889,Em exploração,,,,,,,,,,,,,
280190692,761750,280190692,0812S5062100,SÃO BRÁS DE ALPORTEL,1983.0,05-2005,,1.0,19415 C,Em exploração,,,,,,,,,,,,,
280192291,1627326,280192291,1110S5270000,MIRAFLORES,1995.0,08-2000,,2.0,C 12928,Em exploração,,,,,,,,,,,,,
280192292,1627333,280192292,1110S5270000,MIRAFLORES,1995.0,03-2000,,1.0,C 12927,Em exploração,,,,,,,,,,,,,
280182285,1627403,280182285,1107S5167800,ANAIA,1980.0,12-1995,,1.0,LEL 16058,INE - Para abate,2019-01-01,Abate,,,ED-0312-SE-60-NE_RUI,INE RUIVÃES,-,,,,,,
280182290,1627466,280182290,1101S5335200,VALE TEJO,2003.0,02-2004,,1.0,C 0038 A,Em exploração,,,,,,,,,,,,,
280182291,1627473,280182291,1101S5335200,VALE TEJO,1978.0,12-1982,,2.0,19108 S,Em exploração,,,,,,,,,,,,,
280182292,1627487,280182292,1107S5518000,QUINTA DA CALDEIRA,1980.0,12-1982,,1.0,19316 C,Em exploração,,,,,,,,,,,,,
280182293,1627494,280182293,1107S5518000,QUINTA DA CALDEIRA,1980.0,12-1982,,2.0,19315 C,Em exploração,,,,,,,,,,,,,
280182295,1627529,280182295,---,SE MÓVEL 16,1980.0,12-1981,,1.0,LEL 15523,Abatido,,,,,,,,,SE móvel abatida em 2018,,,,
280182296,1627557,280182296,1114S5192200,PÓVOA,1984.0,10-2003,,3.0,LEL 25240,Em exploração,,,,,,,,,,,,,
280182298,1627571,280182298,1114S5192200,PÓVOA,1984.0,12-1986,,2.0,LEL 25242,Em exploração,,,,,,,,,,,,,
280182299,1627578,280182299,1114S5192200,PÓVOA,1982.0,12-1983,,1.0,LEL 19878,Em exploração,,,,,,,,,,,,,
280182303,1627613,280182303,1111S5127800,CAPA ROTA,1982.0,12-1983,,1.0,LEL 19877,Em exploração,,,,,,,,,,,,,
280182306,1627634,280182306,1111S5127800,CAPA ROTA,1982.0,12-1983,,2.0,LEL 19876,Em exploração,,,,,,,,,,,,,
280182390,1627648,280182390,1115S5191000,VENDA NOVA (Amadora),1973.0,12-1974,,2.0,13038 C,Em exploração,,,,,,,,,,,,,
280192293,1627690,280192293,1111S5377000,QUELUZ,1974.0,12-1978,,1.0,13069 C,Em exploração,,,,,,,,,,,,,
280182311,1627697,280182311,1105S5901100,ABÓBODA ,1974.0,12-1975,,1.0,13067 C,Em exploração,,,,,,,,,,,,,
280182312,1627704,280182312,1105S5901100,ABÓBODA ,1974.0,12-1976,,2.0,13070 C,Em exploração,,,,,,,,,,,,,
280182313,1627718,280182313,1105S5413000,PAREDE,1984.0,12-1986,,2.0,LEL 23875,Em exploração,,,,,,,,,,,,,
280182314,1627725,280182314,1105S5413000,PAREDE,1984.0,12-1986,,1.0,LEL 23876,Em exploração,,,,,,,,,,,,,
280182315,1627732,280182315,1105S5396000,ALCOITÃO,1974.0,04-1976,,2.0,13066 C,Em exploração,2019-06-19,Beneficiação em fábrica,Regressou à SE em dez-19,,ED-1105-SE-60-396000,SE ALCOITÃO,2,,,,,,
280182316,1627739,280182316,1105S5396000,ALCOITÃO,1989.0,02-1997,,1.0,LEL 32619,Em exploração,,,,,,,,,,,,,
280182318,1627767,280182318,1115S5480500,REBOLEIRA,1982.0,12-1984,,2.0,LEL 19879,Em exploração,,,,,,,,,,,,,
280182319,1627774,280182319,1110S5810700,LEIÃO,1996.0,06-1999,,1.0,C 13328,Em exploração,,,,,,,,,,,,,
280182321,1627788,280182321,1110S5810700,LEIÃO,1996.0,02-1998,,2.0,C 13327,Em exploração,,,,,,,,,,,,,
280182322,1627802,280182322,1113S5527000,CASALINHOS DE ALFAIATA,1985.0,06-1994,,1.0,12145790,Em exploração,,,,,,,,,,,,,
280182323,1627809,280182323,1113S5527000,CASALINHOS DE ALFAIATA,1985.0,12-1986,,2.0,12145789,Em exploração,,,,,,,,,,,,,
280182325,1627830,280182325,1109S5430000,MAFRA,1972.0,12-1975,,3.0,LEL 7011,Em exploração,,,,,,,,,,,,,
280182326,1627837,280182326,1104S5672000,CADAVAL,2004.0,12-2005,,2.0,C 0059 A,Em exploração,,,,,,,,,,,,,
280211026,1627844,280211026,1113S5480800,MATACÃES,1983.0,09-1983,,1.0,19410 C,Em exploração,,,,,,,,,,,,,
280211027,1627851,280211027,1113S5480800,MATACÃES,1982.0,12-1983,,2.0,LEL 19883,Em exploração,,,,,,,,,,,,,
280182327,1627858,280182327,1109S5430000,MAFRA,1975.0,12-1977,,2.0,13102 C,Em exploração,,,,,,,,,,,,,
280182328,1627865,280182328,1109S5430000,MAFRA,1980.0,12-1982,,4.0,19293 C,Em exploração,,,,,,,,,,,,,
280182329,1627872,280182329,1108S5729600,LOURINHÃ,1994.0,12-1996,,2.0,C 12720,Em exploração,,,,,,,,,,,,,
280182330,1627879,280182330,1213S5566900,PONTE SOR,1992.0,12-1993,,1.0,C 12516,Em exploração,,,,,,,,,,,,,
280182331,1627886,280182331,1213S5566900,PONTE SOR,1992.0,12-1993,,2.0,C 12515,Em exploração,,,,,,,,,,,,,
280182333,1627900,280182333,1214S5681500,SÃO VICENTE,1977.0,12-2001,,1.0,LEL 11317,Em exploração,,,,,,,,,,,,,
225564364,1627907,225564364,1212S5666200,ALPALHÃO,2017.0,12-2017,,1.0,F002503.01,Em exploração,,,,,,,,,,,,,
280182334,1627907,280182334,1401S5636700,INE-OLHO BOI,1989.0,01-1989,,1.0,11965 C,INE - Reserva Operacional,,,,,,,,,,,,,
280182335,1627914,280182335,1214S5681500,SÃO VICENTE,1973.0,12-1974,,2.0,13047 C,Em exploração,,,,,,,,,,,,,
280182343,1628012,280182343,1103S5191400,ESPADANAL,1981.0,12-1983,,2.0,19337 C,Em exploração,,,,,,,,,,,,,
280182344,1628019,280182344,1103S3679400,GUARITA,1971.0,01-2002,,3.0,13002 C,Em exploração,,,,,,,,,,,,,
280864414,1628026,280864414,1406S5192700,CRUZ DO CAMPO,2014.0,12-2014,,1.0,C 0917 A,Em exploração,,,,,,,,,,,,,
280182346,1628040,280182346,1409S5568300,CORUCHE,1981.0,12-1998,,1.0,19336 C,Em exploração,,,,,,,,,,,,,
280182350,1628089,280182350,1410S5625300,ENTRONCAMENTO,1971.0,12-1979,,2.0,10490 C,Em exploração,,,,,,,,,,,,,
280182355,1628145,280182355,1410S5625300,ENTRONCAMENTO,1979.0,12-1980,,4.0,LEL 13337,Em exploração,,,,,,,,,,,,,
280182356,1628166,280182356,1419S5627800,SERRADA GRANDE,1982.0,02-1985,,1.0,19388 C,Em exploração,,,,,,,,,,,,,
280182357,1628173,280182357,1419S5627800,SERRADA GRANDE,1983.0,02-1975,,2.0,19413 C,Em exploração,,,,,,,,,,,,,
280182364,1628229,280182364,1420S5664400,ALMOUROL,2008.0,01-2009,,1.0,LEL 107340,Em exploração,,,,,,,,,,,,,
280182365,1628236,280182365,1403S5799800,ALMEIRIM,1982.0,08-2003,,2.0,19398 C,Em exploração,,,,,,,,,,,,,
280182366,1628243,280182366,1403S5799800,ALMEIRIM,1982.0,05-2003,,1.0,19397 C,Em exploração,,,,,,,,,,,,,
280182370,1628285,280182370,0502S5006900,TALAGUEIRA,1992.0,09-1993,,1.0,LEL 44039,Em exploração,,,,,,,,,,,,,
280182371,1628306,280182371,0502S5007000,CASTELO BRANCO,1972.0,12-1975,,1.0,13026 C,Em exploração,,,,,,,,,,,,,
280182372,1628313,280182372,0502S5006900,TALAGUEIRA,1990.0,09-1991,,2.0,LEL 35971,Em exploração,,,,,,,,,,,,,
280182373,1628320,280182373,0502S5007000,CASTELO BRANCO,1972.0,12-1975,,2.0,13027 C,Em exploração,,,,,,,,,,,,,
280182374,1628355,280182374,1413S5632800,PRACANA,1964.0,12-1964,,1.0,6783 C,Em exploração,,,,,,,,,,,,,
280182375,1628362,280182375,1413S5632800,PRACANA,1995.0,12-1996,2016.0,2.0,LEL 53719,Em exploração,,,,,,,,,,,,,
280182378,1628397,280182378,1106S5032000,BOAVISTA (Lisboa),1963.0,01-1966,,1.0,6278,INE - Em decisão,2019-01-01,Recurso,,,ED-1512-SE-60-NE_SEB,INE S. SEBASTIÃO,-,,,,,,
280182379,1628404,280182379,1106S5032000,BOAVISTA (Lisboa),1965.0,01-1966,,2.0,7318,INE - Para abate,2019-01-01,Abate,,,ED-1512-SE-60-NE_SEB,INE S. SEBASTIÃO,-,,,,,,
280182380,1628418,280182380,1106S5064000,SANTA MARTA,1967.0,12-1970,,1.0,7674 S,Em exploração,,,,,,,,,,,,,
280182384,1628446,280182384,1106S5099600,NORTE,1995.0,02-2000,,1.0,C 13075,Em exploração,,,,,,,,,,,,,
280182385,1628453,280182385,1106S5099600,NORTE,1995.0,12-1995,,2.0,C 12925,Em exploração,,,,,,,,,,,,,
280182386,1628488,280182386,1106S5064000,SANTA MARTA,1990.0,01-1993,,3.0,C 12063,Em exploração,,,,,,,,,,,,,
280182387,1628495,280182387,1106S5064000,SANTA MARTA,1990.0,12-1992,,4.0,C 12064,Em exploração,,,,,,,,,,,,,
280872953,1628516,280872953,1106S5200200,PRAÇA FIGUEIRA,1989.0,05-2015,,1.0,11952 C,Em exploração,,,,,,,,,,,,,
280182389,1628523,280182389,1106S5200200,PRAÇA FIGUEIRA,1968.0,12-1970,,2.0,7684 S,INE - Reserva Operacional,2019-05-24,Recurso,,,ED-1512-SE-60-NE_SEB,INE S. SEBASTIÃO,-,,,,,,
280594251,1628565,280594251,1106S5244000,PARQUE,2006.0,05-2009,,1.0,LEL 102024,Em exploração,,,,,,,,,,,,,
280594252,1628572,280594252,1106S5244000,PARQUE,2008.0,07-2009,,2.0,LEL 106760,Em exploração,,,,,,,,,,,,,
280182395,1628684,280182395,1106S5478000,AMOREIRAS,1975.0,07-1977,,2.0,LEL 9951,Em exploração,,,,,,,,,,,,,
280182396,1628691,280182396,1106S5478000,AMOREIRAS,1975.0,01-1979,,1.0,LEL 9952,Em exploração,,,,,,,,,,,,,
280182397,1628705,280182397,1106S5800000,EXPO SUL,1994.0,07-1997,,1.0,C 12724,Em exploração,,,,,,,,,,,,,
280182398,1628712,280182398,1106S5800000,EXPO SUL,1994.0,07-1997,,2.0,C 12725,Em exploração,,,,,,,,,,,,,
280182399,1628719,280182399,1106S5728000,COLOMBO,1994.0,09-1997,,1.0,C 12722,Em exploração,,,,,,,,,,,,,
280182400,1628726,280182400,1106S5728000,COLOMBO,1994.0,09-1997,,2.0,C 12723,Em exploração,,,,,,,,,,,,,
280182401,1628747,280182401,1106S5800800,EXPO NORTE,1996.0,07-1997,,1.0,C 13325,Em exploração,,,,,,,,,,,,,
280182402,1628754,280182402,1106S5800800,EXPO NORTE,1996.0,07-1997,,2.0,C 13326,Em exploração,,,,,,,,,,,,,
280182403,1628761,280182403,1106S5716600,ARCO CARVALHÃO,1981.0,12-1994,,1.0,19362 C,INE - Reserva Operacional,2019-03-03,Beneficiação em fábrica,,,ED-1512-SE-60-NE_SEB,INE S. SEBASTIÃO,-,,,,,,
280182404,1628768,280182404,1106S5716600,ARCO CARVALHÃO,1985.0,03-1995,,2.0,19472 C,Em exploração,,,,,,,,,,,,,
280182405,1628789,280182405,1106S5183100,ZAMBUJAL,2003.0,01-2004,,1.0,LEL 93129,Em exploração,,,,,,,,,,,,,
280182406,1628810,280182406,1111S5200000,SABUGO,1974.0,12-1978,,1.0,LEL 8872,Em exploração,,,,,,,,,,,,,
280184205,1980425,280184205,1115S5191000,VENDA NOVA (Amadora),1962.0,12-1964,,1.0,5504,Em exploração,,,,,,,,,,,,,
280184264,2214456,280184264,1107S5819500,MERCADO,1998.0,12-2001,,1.0,C 13523,Em exploração,,,,,,,,,,,,,
280596790,2535405,280596790,1509S3054700,SANTO ANDRÉ,1981.0,09-2009,,1.0,LEL 17896,Em exploração,,,,,,,,,,,,,
280185633,2541943,280185633,1111S5850000,RIO MOURO,1998.0,12-2001,,1.0,C 13526,Em exploração,,,,,,,,,,,,,
280185634,2542061,280185634,1111S5850000,RIO MOURO,1982.0,12-2001,,2.0,LEL 19880,Em exploração,,,,,,,,,,,,,
280185771,2804382,280185771,1106S5242000,TELHEIRAS,1997.0,11-1999,,1.0,LEL 61603,Em exploração,,,,,,,,,,,,,
280185772,2804414,280185772,1106S5242000,TELHEIRAS,1997.0,11-1998,,2.0,LEL 61602,Em exploração,,,,,,,,,,,,,
280185825,2832793,280185825,1112S3166100,SOBRAL MONTE AGRAÇO,1981.0,12-1983,,1.0,LEL 17931,Em exploração,,,,,,,,,,,,,
280192311,2832800,280192311,1112S3166100,SOBRAL MONTE AGRAÇO,1981.0,12-1982,,2.0,LEL 17932,Em exploração,,,,,,,,,,,,,
280185841,3159518,280185841,0603S5005200,RELVINHA,1983.0,12-1984,,1.0,19423 C,Em exploração,,,,,,,,,,,,,
280185842,3159526,280185842,0602S5004300,TOCHA,1981.0,12-1997,,1.0,19347 C,Em exploração,,,,,,,,,,,,,
280185843,3159534,280185843,0605S5005600,VILA ROBIM,1970.0,02-1972,,1.0,10407 S,Em exploração,,,,,,,,,,,,,
280185844,3159542,280185844,0604S5005400,CONDEIXA,1981.0,12-1983,,2.0,LEL 17874,Em exploração,,,,,,,,,,,,,
280185845,3159550,280185845,0604S5005400,CONDEIXA,1982.0,12-1984,2016.0,3.0,LEL 19873,Em exploração,,,,,,,,,,,,,
280185848,3159574,280185848,0605S5005600,VILA ROBIM,1970.0,02-1972,,2.0,10408 S,Em exploração,,,,,,,,,,,,,
280185849,3159590,280185849,0602S5005900,CANTANHEDE,1981.0,05-1983,,1.0,19351 C,Em exploração,,,,,,,,,,,,,
280185850,3159598,280185850,0603S5005300,ALTO DE SÃO JOÃO,1982.0,12-1984,,1.0,19389 C,Em exploração,,,,,,,,,,,,,
280185851,3159606,280185851,1421S5004500,FÁTIMA,1981.0,12-1982,,2.0,LEL 17872,Em exploração,,,,,,,,,,,,,
280185852,3159614,280185852,0103S5006000,MOGOFORES,1976.0,12-1978,,1.0,13158 C,Em exploração,,,,,,,,,,,,,
280185853,3159622,280185853,0103S5006000,MOGOFORES,1976.0,12-1978,,2.0,13156 C,Em exploração,,,,,,,,,,,,,
280185854,3159630,280185854,0603S5006100,TAVEIRO,1992.0,11-1993,,1.0,LEL 44038,Em exploração,,,,,,,,,,,,,
280185855,3159638,280185855,0602S5005900,CANTANHEDE,1995.0,12-1995,,2.0,C 12931,Em exploração,,,,,,,,,,,,,
280185856,3159646,280185856,0615S5006300,ALFARELOS,1992.0,12-1994,,1.0,LEL 44037,Em exploração,,,,,,,,,,,,,
280185857,3159654,280185857,0111S5006200,PAMPILHOSA,1981.0,12-1988,,1.0,19350 C,Em exploração,,,,,,,,,,,,,
280185859,3159670,280185859,0509S5003300,SERTÃ,1965.0,12-1967,,2.0,LEL 2657,Em exploração,,,,,,,,,,,,,
280185860,3159678,280185860,0509S5003300,SERTÃ,1977.0,12-1980,,1.0,13173 C,Em exploração,,,,,,,,,,,,,
280185861,3159686,280185861,0607S5003400,LOUSÃ,1981.0,12-1982,,1.0,LEL 17871,Em exploração,,,,,,,,,,,,,
280185862,3159694,280185862,0616S5003500,CANDOSA,1997.0,12-1998,,2.0,LEL 60264,Em exploração,,,,,,,,,,,,,
280185863,3159702,280185863,0616S5003500,CANDOSA,1977.0,12-1979,,1.0,13172 C,Em exploração,,,,,,,,,,,,,
280185865,3159718,280185865,1418S5003600,VENDA NOVA (Tomar),1965.0,12-1969,2017.0,2.0,7506,Em exploração,,,,,,,,,,,,,
280185866,3159726,280185866,1418S5003600,VENDA NOVA (Tomar),1970.0,12-1972,,1.0,LEL 5385,Em exploração,,,,,,,,,,,,,
280185867,3159768,280185867,1009S5002100,AZÓIA,1982.0,12-1983,,2.0,LEL 19870,Em exploração,,,,,,,,,,,,,
280185868,3159776,280185868,1418S5004100,SANTA CITA,1981.0,01-1986,,1.0,LEL 17873,Em exploração,,,,,,,,,,,,,
280185870,3159804,280185870,1009S5002100,AZÓIA,1971.0,12-1971,,1.0,LEL 5386,Em exploração,,,,,,,,,,,,,
280185872,3159820,280185872,1009S5002200,ANDRINOS,1966.0,06-1995,,3.0,7663 S,Em exploração,,,,,,,,,,,,,
280185873,3159828,280185873,1009S5002200,ANDRINOS,1995.0,06-1995,,2.0,LEL 53498,Em exploração,,,,,,,,,,,,,
280185874,3159836,280185874,1009S5002600,ORTIGOSA,1994.0,12-1996,,1.0,C 12727,Em exploração,,,,,,,,,,,,,
280185875,3159844,280185875,1009S5002600,ORTIGOSA,1995.0,06-1995,,2.0,C 12930,Em exploração,,,,,,,,,,,,,
280185876,3159852,280185876,1421S5002900,OURÉM,1996.0,12-1998,,2.0,LEL 57472,Em exploração,,,,,,,,,,,,,
280185877,3159860,280185877,1003S5003200,PONTÃO,1980.0,02-1982,,1.0,LEL 15034,Em exploração,,,,,,,,,,,,,
280185878,3159868,280185878,1003S5003200,PONTÃO,1979.0,02-1982,,2.0,LEL 15033,Em exploração,,,,,,,,,,,,,
280185879,3159876,280185879,1016S5000100,SÃO JORGE,1987.0,10-1989,,2.0,C 11838,Em exploração,,,,,,,,,,,,,
280185880,3159884,280185880,1001S5000400,TURQUEL,1978.0,01-1990,,1.0,LEL 12748,Em exploração,,,,,,,,,,,,,
280185882,3159898,280185882,1001S5004200,CASAL DA AREIA,1989.0,12-1990,,1.0,LEL 3518,Em exploração,,,,,,,,,,,,,
280185883,3159905,280185883,1414S5001400,RIO MAIOR,1979.0,12-1991,,1.0,19287 C,Em exploração,,,,,,,,,,,,,
280185886,3159929,280185886,0503S5006700,TORTOSENDO,1992.0,10-1994,,1.0,C 12407,Em exploração,,,,,,,,,,,,,
280185887,3159937,280185887,0503S5006700,TORTOSENDO,1992.0,10-1994,,2.0,C 12929,Em exploração,,,,,,,,,,,,,
280185888,3159945,280185888,1001S5004200,CASAL DA AREIA,1973.0,12-1975,,3.0,LEL 7013,Em exploração,,,,,,,,,,,,,
280192207,3159953,280192207,0907S5007100,GUARDA,1980.0,05-2002,,1.0,19322 C,Em exploração,,,,,,,,,,,,,
280185890,3159961,280185890,0910S5007200,PINHEL,1967.0,12-1968,,2.0,7629 C,Em exploração,,,,,,,,,,,,,
280185891,3159969,280185891,0911S5007300,CERDEIRA,1977.0,08-1983,,1.0,13181 C,Em exploração,,,,,,,,,,,,,
280185892,3159977,280185892,0501S5007400,BELMONTE,1977.0,12-1978,2017.0,1.0,13180 C,Em exploração,,,,,,,,,,,,,
280185893,3159985,280185893,0501S5007400,BELMONTE,1981.0,12-1982,,2.0,19324 C,Em exploração,,,,,,,,,,,,,
280185894,3159993,280185894,0913S5007500,TRANCOSO,1977.0,04-1978,,1.0,13178 C,Em exploração,,,,,,,,,,,,,
280185895,3160001,280185895,0912S5009000,SABUGUEIRO,1980.0,12-1981,,1.0,LEL 17933,Em exploração,,,,,,,,,,,,,
280185896,3160009,280185896,0503S5006600,VÁRZEA,1996.0,12-1998,,1.0,LEL 57471,Em exploração,,,,,,,,,,,,,
280185898,3160025,280185898,0912S5008300,SEIA,1982.0,12-1983,,1.0,LEL 19874,Em exploração,,,,,,,,,,,,,
280185899,3160033,280185899,0912S5008300,SEIA,1982.0,12-1983,,2.0,LEL 19871,Em exploração,,,,,,,,,,,,,
280185901,3160056,280185901,1806S5008500,MANGUALDE,1980.0,12-1981,,1.0,19323 C,Em exploração,,,,,,,,,,,,,
280185903,3160079,280185903,0906S5008600,GOUVEIA,1972.0,12-1972,,2.0,13025 C,Em exploração,,,,,,,,,,,,,
280185905,3160095,280185905,0504S5008900,FUNDÃO,1989.0,11-1992,,1.0,C 11940,Em exploração,,,,,,,,,,,,,
280185908,3160141,280185908,1821S5009100,TONDELA,1958.0,05-1981,,2.0,55966,Em exploração,,,,,,,,,,,,,
280185839,3160157,280185839,1823S5009300,GUMIEI,1966.0,11-2012,,1.0,7657 S,Em exploração,,,,,,,,,,,,,
280185914,3160189,280185914,1823S5009700,VISO,1983.0,12-1983,,1.0,19405 C,Em exploração,,,,,,,,,,,,,
280185916,3160213,280185916,0605S5005700,SÃO JULIÃO,1981.0,12-1983,,2.0,LEL 17870,Em exploração,,,,,,,,,,,,,
280185918,3160229,280185918,1009S5002200,ANDRINOS,1993.0,06-1995,,1.0,C 12517,Em exploração,,,,,,,,,,,,,
280185919,3160237,280185919,0603S5005300,ALTO DE SÃO JOÃO,1982.0,12-1984,,2.0,19390 C,Em exploração,,,,,,,,,,,,,
280185920,3160245,280185920,0603S5005200,RELVINHA,1983.0,12-1994,,2.0,19424 C,Em exploração,,,,,,,,,,,,,
280185921,3160253,280185921,0607S5003400,LOUSÃ,1982.0,12-1984,,2.0,LEL 19875,Em exploração,,,,,,,,,,,,,
280185922,3160261,280185922,1823S5009700,VISO,1983.0,12-1983,,2.0,19404 C,Em exploração,,,,,,,,,,,,,
280185923,3160269,280185923,1414S5001400,RIO MAIOR,1979.0,12-1993,2018.0,2.0,19288 C,Em exploração,,,,,,,,,,,,,
280185924,3160277,280185924,1016S5000100,SÃO JORGE,1986.0,10-1989,,1.0,C 11741,Em exploração,,,,,,,,,,,,,
280185925,3160285,280185925,0612S5003700,SANTA LUZIA,1965.0,12-1966,,1.0,LEL 2656,Em exploração,,,,,,,,,,,,,
280185926,3160301,280185926,1014S5001200,ATOUGUIA,1980.0,12-1996,,2.0,19302 C,Em exploração,,,,,,,,,,,,,
280185927,3160309,280185927,1014S5001200,ATOUGUIA,1992.0,12-1996,,3.0,C 12408,Em exploração,,,,,,,,,,,,,
280185928,3160317,280185928,1015S5002300,POMBAL,1996.0,12-1996,,1.0,LEL 57473,Em exploração,,,,,,,,,,,,,
280185929,3160325,280185929,1015S5002300,POMBAL,1980.0,12-1996,,2.0,19301 C,Em exploração,,,,,,,,,,,,,
280185933,3160357,280185933,0907S5007100,GUARDA,1995.0,06-1995,,2.0,LEL 53499,Em exploração,,,,,,,,,,,,,
280185934,3160365,280185934,0910S5007200,PINHEL,1967.0,12-1970,,1.0,7630 C,Em exploração,,,,,,,,,,,,,
280185935,3160373,280185935,0903S5008700,CELORICO,1972.0,01-2009,,2.0,13020 C,Em exploração,,,,,,,,,,,,,
280185936,3160381,280185936,1808S5009500,MORTÁGUA,1981.0,08-1986,,1.0,19349 C,Em exploração,,,,,,,,,,,,,
280896749,3160456,280896749,0909S5007600,MARVÃO,1981.0,12-1982,,1.0,LEL 17934,Em exploração,,,,,,,,,,,,,
280187385,6974965,280187385,1304S5009400,JOVIM,1968.0,12-1995,,2.0,7679 S,Em exploração,,,,,,,,,,,,,
280187386,6974973,280187386,1304S5009400,JOVIM,1976.0,12-1995,,1.0,13154 C,Em exploração,,,,,,,,,,,,,
280187387,6974981,280187387,0302S5014200,PENIDE,1993.0,10-1995,2017.0,1.0,LEL 46332,Em exploração,,,,,,,,,,,,,
280187388,6974989,280187388,1311S5012400,BUSTELO,1985.0,10-1994,,2.0,12145792,Em exploração,,,,,,,,,,,,,
280187389,6974997,280187389,1311S5012400,BUSTELO,1990.0,10-1994,,1.0,C 12043,Em exploração,,,,,,,,,,,,,
280187390,6975005,280187390,0308S5013400,SÃO JOÃO DE PONTE,1995.0,06-1997,,1.0,LEL 57467,Em exploração,,,,,,,,,,,,,
280187391,6975013,280187391,0308S5013400,SÃO JOÃO DE PONTE,1995.0,06-1997,,2.0,LEL 57468,Em exploração,,,,,,,,,,,,,
280187392,6975021,280187392,0303S5012700,LAMAÇÃES,1996.0,01-1999,,1.0,LEL 57469,Em exploração,,,,,,,,,,,,,
280187393,6975029,280187393,0115S5000800,ARADA,1995.0,06-1996,,1.0,LEL 54619,Em exploração,,,,,,,,,,,,,
280187394,6975037,280187394,0303S5012700,LAMAÇÃES,1996.0,01-1999,,2.0,LEL 57470,Em exploração,,,,,,,,,,,,,
280187398,6975075,280187398,1606S6011800,LINDOSO,1979.0,12-1980,,1.0,16645 S,Em exploração,,,,,,,,,,,,,
280187399,6975091,280187399,1306S5010100,GUEIFÃES,1991.0,03-1993,,1.0,C 12318,Em exploração,,,,,,,,,,,,,
280187400,6975099,280187400,1306S5010100,GUEIFÃES,1991.0,03-1993,,2.0,C 12319,Em exploração,,,,,,,,,,,,,
280187402,6975115,280187402,0301S5009900,AMARES,1981.0,10-1991,,2.0,LEL 18107,Em exploração,,,,,,,,,,,,,
280187403,6975123,280187403,1304S5010200,FÂNZERES,1989.0,12-1991,,1.0,LEL 32230,Em exploração,,,,,,,,,,,,,
280187404,6975131,280187404,1304S5010200,FÂNZERES,1989.0,12-1991,,3.0,LEL 32231,Em exploração,,,,,,,,,,,,,
280187405,6975139,280187405,0116S5002800,DEVESA VELHA,1989.0,11-1990,,1.0,LEL 32226,Em exploração,,,,,,,,,,,,,
280187406,6975147,280187406,1317S5009600,SERRA DO PILAR,1987.0,12-1989,,1.0,LEL 28657,Em exploração,,,,,,,,,,,,,
280187407,6975155,280187407,1317S5009600,SERRA DO PILAR,1980.0,12-1989,,2.0,LEL 14924,Em exploração,,,,,,,,,,,,,
280187408,6975163,280187408,0116S5002800,DEVESA VELHA,1989.0,11-1990,,3.0,LEL 32227,Em exploração,,,,,,,,,,,,,
280187409,6975171,280187409,0307S5004400,FAFE,1980.0,12-1986,,2.0,LEL 14926,Em exploração,,,,,,,,,,,,,
280187410,6975179,280187410,0307S5004400,FAFE,1980.0,12-1986,,1.0,LEL 14925,Em exploração,,,,,,,,,,,,,
280187411,6975187,280187411,0109S5009900,SANGUEDO,1984.0,12-1988,,2.0,LEL 24070,Em exploração,,,,,,,,,,,,,
280187412,6975195,280187412,0109S5009900,SANGUEDO,1983.0,03-2009,,1.0,LEL 21684,Em exploração,,,,,,,,,,,,,
280187413,6975203,280187413,0303S5006500,SÃO MARTINHO DE DUME,1981.0,12-1984,,3.0,LEL 17881,Em exploração,,,,,,,,,,,,,
280187414,6975211,280187414,0303S5006500,SÃO MARTINHO DE DUME,1983.0,12-1984,,2.0,LEL 21681,Em exploração,,,,,,,,,,,,,
280187416,6975227,280187416,1317S5003500,VERDINHO,1981.0,07-1983,,2.0,LEL 17123,Em exploração,,,,,,,,,,,,,
280187418,6975243,280187418,1314S5004600,AREIAS NORTE,1969.0,10-1984,,2.0,7692 S,Em exploração,,,,,,,,,,,,,
280187419,6975251,280187419,1314S5004600,AREIAS NORTE,1969.0,10-1984,,1.0,7691 S,Em exploração,,,,,,,,,,,,,
280187420,6975259,280187420,0119S5010100,VALE CAMBRA,1982.0,06-1983,,2.0,19376 C,Em exploração,,,,,,,,,,,,,
280187421,6975267,280187421,0119S5010100,VALE CAMBRA,1981.0,06-1983,,1.0,19343 C,Em exploração,,,,,,,,,,,,,
280187422,6975275,280187422,1317S5003500,VERDINHO,1981.0,07-1983,,1.0,LEL 17122,Em exploração,,,,,,,,,,,,,
280187423,6975283,280187423,1315S5007300,ALFENA,1981.0,12-1983,,1.0,LEL 17879,Em exploração,,,,,,,,,,,,,
280187424,6975291,280187424,1315S5007300,ALFENA,1981.0,12-1983,,2.0,LEL 17880,Em exploração,,,,,,,,,,,,,
280187425,6975299,280187425,1310S5009200,REBORDOSA,1981.0,12-2004,,3.0,19346 C,Intervenção em fábrica,2019-12-01,Beneficiação em fábrica,,,,,,,Regressará à SE Rebordosa após beneficiação,,,,
280187427,6975315,280187427,1303S5015200,BARROSAS,1981.0,05-1998,,1.0,LEL 19631,Intervenção em fábrica,2019-09-01,Beneficiação em fábrica,,,,,,,SE Barrosas desativada em set-19. A instalar em Poldra.,,,,
280187428,6975323,280187428,1310S5009200,REBORDOSA,1974.0,11-1982,,1.0,LEL 8194,Em exploração,,,,,,,,,,,,,
280187429,6975331,280187429,1310S5009200,REBORDOSA,1974.0,11-1982,,2.0,LEL 8196,Em exploração,,,,,,,,,,,,,
280187430,6975339,280187430,1303S5009100,FELGUEIRAS,1994.0,10-1995,,2.0,LEL 48382,Em exploração,,,,,,,,,,,,,
280187431,6975347,280187431,1303S5009100,FELGUEIRAS,1994.0,10-1995,,1.0,LEL 48381,Em exploração,,,,,,,,,,,,,
280187433,6975365,280187433,1312S5014100,VITÓRIA,1996.0,04-1998,,1.0,C 13071,Em exploração,,,,,,,,,,,,,
280187434,6975373,280187434,1312S5014100,VITÓRIA,1996.0,04-1998,,2.0,C 13072,Em exploração,,,,,,,,,,,,,
280187435,6975381,280187435,1312S5012600,LAPA,1996.0,04-1998,,1.0,C 13073,Em exploração,,,,,,,,,,,,,
280187436,6975389,280187436,1312S5012600,LAPA,1996.0,04-1998,,3.0,C 13074,Em exploração,,,,,,,,,,,,,
280187437,6975397,280187437,1606S5011500,TOUVEDO,1984.0,12-1992,,1.0,19449 C,Em exploração,,,,,,,,,,,,,
280187438,6975405,280187438,0611S5000300,OLIVEIRA DO HOSPITAL,1983.0,12-2004,,1.0,19412 C,Em exploração,,,,,,,,,,,,,
280187439,6975413,280187439,0101S5001600,BARRÔ,1989.0,08-1990,,1.0,LEL 32228,Em exploração,,,,,,,,,,,,,
280187440,6975421,280187440,0101S5001600,BARRÔ,1989.0,08-1990,,3.0,LEL 32229,Em exploração,,,,,,,,,,,,,
280187442,6975437,280187442,0104S5000900,AROUCA,1960.0,01-1997,,1.0,B-601116,Em exploração,,,,,,,,,,,,,
280187443,6975445,280187443,1313S5010600,BEIRIZ,1990.0,03-1991,,2.0,LEL 34986,Em exploração,,,,,,,,,,,,,
280187444,6975453,280187444,1313S5010600,BEIRIZ,1990.0,03-1991,,1.0,LEL 34987,Em exploração,,,,,,,,,,,,,
280187445,6975461,280187445,1604S5007400,TROVISCOSO,1956.0,06-2002,,3.0,84095,Em exploração,,,,,,,,,,,,,
280187446,6975469,280187446,1604S5007400,TROVISCOSO,1985.0,06-1990,,1.0,12145791,Em exploração,,,,,,,,,,,,,
280187447,6975477,280187447,1714S5006100,TELHEIRA,1985.0,04-1990,,3.0,19465 C,Em exploração,,,,,,,,,,,,,
280187448,6975485,280187448,1714S5006100,TELHEIRA,1985.0,04-1990,,1.0,19464 C,Em exploração,,,,,,,,,,,,,
280187449,6975493,280187449,1312S5014000,PARANHOS,1986.0,12-1989,,1.0,LEL 27026,Em exploração,,,,,,,,,,,,,
280187450,6975501,280187450,1312S5014000,PARANHOS,1986.0,12-1989,,3.0,LEL 27027,Em exploração,,,,,,,,,,,,,
280187451,6975509,280187451,0105S5003900,ESGUEIRA,1983.0,06-1987,,2.0,LEL 21685,Em exploração,,,,,,,,,,,,,
280187452,6975517,280187452,0105S5003900,ESGUEIRA,1983.0,06-1987,,1.0,LEL 21686,Em exploração,,,,,,,,,,,,,
280187453,6975525,280187453,1316S5005600,MOSTEIRÔ,1983.0,01-1987,2017.0,2.0,LEL 21683,Em exploração,,,,,,,,,,,,,
280187454,6975533,280187454,1316S5005600,MOSTEIRÔ,1983.0,01-1987,,1.0,LEL 21682,Em exploração,,,,,,,,,,,,,
280187455,6975541,280187455,1607S5006400,FEITOSA,1981.0,08-1985,,1.0,19364 C,Em exploração,,,,,,,,,,,,,
280187456,6975549,280187456,1607S5006400,FEITOSA,1981.0,08-1985,,2.0,19365 C,Em exploração,,,,,,,,,,,,,
280218496,6975581,280218496,0402S5005100,BRAGANÇA,2005.0,10-2005,,2.0,1 LIT 01051 B,Em exploração,,,,,,,,,,,,,
280579076,6975589,280579076,0306S5004700,FONTE BOA,1962.0,04-2009,,2.0,604652,Em exploração,,,,,,,,,,,,,
280187462,6975597,280187462,0306S5004700,FONTE BOA,1962.0,11-1984,,1.0,B 604653,Em exploração,,,,,,,,,,,,,
280187463,6975605,280187463,0114S5001700,BUSTOS,1981.0,05-1983,2016.0,1.0,19344 C,Em exploração,,,,,,,,,,,,,
280187464,6975613,280187464,1317S5005200,PEDROSO,1980.0,12-1983,,1.0,LEL 16869,Em exploração,,,,,,,,,,,,,
280187465,6975621,280187465,1317S5005200,PEDROSO,1980.0,12-1983,,2.0,LEL 16870,Em exploração,,,,,,,,,,,,,
280187466,6975629,280187466,0114S5001700,BUSTOS,1982.0,05-1983,,2.0,19377 C,Em exploração,,,,,,,,,,,,,
280187467,6975637,280187467,1301S5008700,AMARANTE,1979.0,12-1980,,1.0,19262 C,Em exploração,,,,,,,,,,,,,
280187468,6975645,280187468,1301S5008700,AMARANTE,1976.0,10-1977,,2.0,13159 C,Em exploração,,,,,,,,,,,,,
280217544,6975652,280217544,1315S5012200,VALONGO,2006.0,11-2006,,1.0,C 0178 A,Em exploração,,,,,,,,,,,,,
280187470,6975660,280187470,1701S5003400,PINHÃO,1979.0,12-1982,,1.0,LEL 14333,Em exploração,,,,,,,,,,,,,
280187471,6975670,280187471,1701S5003400,PINHÃO,1980.0,12-1982,,2.0,19329 C,Em exploração,,,,,,,,,,,,,
280217545,6975680,280217545,1315S5012200,VALONGO,2006.0,11-2006,,2.0,C 0121 D,Em exploração,,,,,,,,,,,,,
280187473,6975688,280187473,0302S5014200,PENIDE,1985.0,01-2004,,2.0,19469 C,Em exploração,,,,,,,,,,,,,
280187474,6975696,280187474,1306S5008900,MAIA,1985.0,05-2004,,3.0,19467 C,Em exploração,,,,,,,,,,,,,
280187475,6975704,280187475,1312S5013200,CAMPO ALEGRE,1979.0,12-1980,,3.0,16647,Em exploração,,,,,,,,,,,,,
280187476,6975712,280187476,1312S5013200,CAMPO ALEGRE,1979.0,12-1980,,2.0,16648,Em exploração,,,,,,,,,,,,,
280187477,6975720,280187477,1314S5003200,SÃO MARTINHO DO CAMPO,1976.0,12-1979,,2.0,13147 C,Em exploração,,,,,,,,,,,,,
280187478,6975728,280187478,1314S5003200,SÃO MARTINHO DO CAMPO,1976.0,12-1979,,1.0,C 13146,Em exploração,,,,,,,,,,,,,
280187479,6975736,280187479,1312S5013200,CAMPO ALEGRE,1979.0,12-1980,,1.0,16646,Em exploração,,,,,,,,,,,,,
280187480,6975744,280187480,0102S5000700,ALBERGARIA,1979.0,12-1979,,1.0,19260 C,Em exploração,,,,,,,,,,,,,
280187482,6975776,280187482,0110S5004000,GAFANHA,1979.0,12-1979,,1.0,19257 C,Em exploração,,,,,,,,,,,,,
280187484,6975792,280187484,0308S5012800,LAMEIRINHO,1982.0,02-1983,,1.0,19378 C,Em exploração,,,,,,,,,,,,,
280187485,6975800,280187485,0308S5012800,LAMEIRINHO,1984.0,12-1984,,2.0,19448 C,Em exploração,,,,,,,,,,,,,
280187486,6975816,280187486,0302S5003100,ALVELOS,1973.0,12-1974,,1.0,LEL 6831,Em exploração,,,,,,,,,,,,,
280187487,6975824,280187487,1317S5002800,VILA NOVA DE GAIA,1980.0,12-1981,,2.0,LEL 14919,Em exploração,,,,,,,,,,,,,
280187490,6975848,280187490,1312S5013900,MONTE DOS BURGOS,1972.0,12-1973,,3.0,10446 S,Em exploração,,,,,,,,,,,,,
280187491,6975856,280187491,1703S5004900,CHAVES,1992.0,11-2003,,2.0,LEL 44736,Em exploração,,,,,,,,,,,,,
280187492,6975872,280187492,0302S5003100,ALVELOS,1976.0,12-1977,,2.0,13145 C,Em exploração,,,,,,,,,,,,,
280187493,6975880,280187493,1317S5002800,VILA NOVA DE GAIA,1980.0,12-1981,,1.0,LEL 14920,Em exploração,,,,,,,,,,,,,
280187494,6975888,280187494,1312S5013900,MONTE DOS BURGOS,1972.0,10-1972,,1.0,10445 S,Em exploração,,,,,,,,,,,,,
280187495,6975896,280187495,1307S5007700,MARCO DE CANAVESES,1967.0,12-1969,,2.0,S 12545,Em exploração,,,,,,,,,,,,,
280609355,6975912,280609355,1308S5005900,SANTA CRUZ DO BISPO,2009.0,12-2009,,2.0,C 0391 A,Em exploração,,,,,,,,,,,,,
280187498,6975920,280187498,0312S5002700,LOUSADO,1966.0,12-1967,,1.0,612849,Em exploração,,,,,,,,,,,,,
280187500,6975936,280187500,0101S5000600,AGUEDA,1994.0,12-2000,,1.0,LEL 48070,Em exploração,,,,,,,,,,,,,
280187501,6975944,280187501,0101S5000600,AGUEDA,1993.0,12-2000,,2.0,LEL 48069,Em exploração,,,,,,,,,,,,,
280187502,6975952,280187502,0312S5002700,LOUSADO,1966.0,12-1967,,2.0,612850,Em exploração,,,,,,,,,,,,,
280187503,6975960,280187503,0312S5002700,LOUSADO,1965.0,12-1967,,3.0,610993,Em exploração,,,,,,,,,,,,,
280187504,6975968,280187504,0601S5003100,FRONHAS,1976.0,07-1982,,1.0,13153 C,Em exploração,,,,,,,,,,,,,
280187505,6975976,280187505,0109S5009200,RIO MEÃO,2002.0,10-2002,,1.0,LEL 91416,Em exploração,,,,,,,,,,,,,
280187506,6975984,280187506,1312S5013100,BOAVISTA (Porto),1965.0,11-1965,,1.0,7650 S,Em exploração,,,,,,,,,,,,,
280187510,6976016,280187510,1312S5013100,BOAVISTA (Porto),1965.0,11-1965,,2.0,7652 S,Em exploração,,,,,,,,,,,,,
280187511,6976024,280187511,1312S5013100,BOAVISTA (Porto),1965.0,11-1965,,3.0,7651 S,Em exploração,,,,,,,,,,,,,
280187512,6976032,280187512,0107S5002500,ESPINHO,1980.0,12-1981,,2.0,LEL 14923,Em exploração,,,,,,,,,,,,,
280187513,6976040,280187513,0107S5002500,ESPINHO,1980.0,12-1981,,1.0,LEL 14918,Em exploração,,,,,,,,,,,,,
280187516,6976080,280187516,1308S5002600,MATOSINHOS,1980.0,12-1981,2017.0,2.0,LEL 16867,Em exploração,,,,,,,,,,,,,
280187517,6976088,280187517,1308S5002600,MATOSINHOS,1980.0,12-1982,,1.0,LEL 16868,Em exploração,,,,,,,,,,,,,
280187518,6976096,280187518,0405S5002200,MACEDO DE CAVALEIROS,1977.0,12-1988,,1.0,LEL 11494,Em exploração,,,,,,,,,,,,,
280187521,6976122,280187521,1312S5013300,ANTAS,1961.0,11-1995,,3.0,4828,Em exploração,,,,,,,,,,,,,
280187524,6976146,280187524,0608S5006500,MIRA,1974.0,02-2005,,1.0,LEL 8192,Em exploração,,,,,,,,,,,,,
280187525,6976154,280187525,1312S5013300,ANTAS,1961.0,11-1965,,2.0,4829,Em exploração,,,,,,,,,,,,,
280187527,6976172,280187527,1703S5002100,VIDAGO,1977.0,12-1977,,1.0,LEL 11153,Em exploração,,,,,,,,,,,,,
280187528,6976180,280187528,1703S5002100,VIDAGO,1977.0,12-1977,,2.0,LEL 13068,Em exploração,,,,,,,,,,,,,
280187529,6976188,280187529,0109S5007900,INHA,1966.0,03-2009,,1.0,07659 S,Em exploração,,,,,,,,,,,,,
280187530,6976196,280187530,1316S5001600,VILA DO CONDE,1994.0,12-1995,,2.0,LEL 52593,Em exploração,,,,,,,,,,,,,
280187531,6976204,280187531,1317S5001800,VILAR DO PARAÍSO,1980.0,12-1982,,1.0,LEL 14921,Em exploração,,,,,,,,,,,,,
280187532,6976212,280187532,1317S5001800,VILAR DO PARAÍSO,1980.0,12-1983,,3.0,LEL 14917,Em exploração,,,,,,,,,,,,,
280187533,6976220,280187533,1316S5001600,VILA DO CONDE,1994.0,12-1995,,1.0,LEL 52594,Em exploração,,,,,,,,,,,,,
280187534,6976238,280187534,1312S5013800,CAMPO 24 DE AGOSTO,1974.0,12-1979,,1.0,13741,Em exploração,,,,,,,,,,,,,
280187535,6976246,280187535,1312S5013800,CAMPO 24 DE AGOSTO,1987.0,12-1989,,3.0,11877,Em exploração,,,,,,,,,,,,,
280187536,6976254,280187536,1703S5004900,CHAVES,1975.0,10-2003,,1.0,13742,Em exploração,,,,,,,,,,,,,
280187539,6976278,280187539,0108S5001000,AVANCA,1979.0,12-1980,,2.0,19258 C,Em exploração,,,,,,,,,,,,,
280187540,6976286,280187540,0108S5001000,AVANCA,1966.0,12-1968,,1.0,7660 S,Em exploração,,,,,,,,,,,,,
280187541,6976310,280187541,1610S5001400,FRANCE,1971.0,05-2002,,1.0,LEL 5395,Em exploração,,,,,,,,,,,,,
280187542,6976320,280187542,1610S5001400,FRANCE,1974.0,12-1974,,2.0,LEL 8598,Em exploração,,,,,,,,,,,,,
280187543,6976328,280187543,1712S5015100,VALPAÇOS,1961.0,06-1999,,1.0,B 603151,Em exploração,,,,,,,,,,,,,
280187544,6976336,280187544,0312S6008500,INE-RUIVÃES,1970.0,09-1974,,1.0,LEL 5145,INE - Para abate,2019-11-29,Avaria,,,ED-0312-SE-60-NE_RUI,INE RUIVÃES,-,,,,,,
280187545,6976346,280187545,1805S5001700,VAROSA,1976.0,09-1978,,2.0,LEL 10673,Em exploração,,,,,,,,,,,,,
280828557,6976356,280828557,0303S5000400,BRAGA,2012.0,10-2013,,1.0,1LIT754605 03,Em exploração,,,,,,,,,,,,,
280828558,6976364,280828558,0303S5000400,BRAGA,2012.0,07-2013,,2.0,1LIT754605 02,Em exploração,,,,,,,,,,,,,
280187548,6976372,280187548,0305S5012300,FERMIL DE BASTO,1976.0,11-1994,,1.0,13155 C,Em exploração,,,,,,,,,,,,,
280187549,6976380,280187549,1304S5015400,GONDOMAR,1979.0,12-2001,,1.0,LEL 13331,Em exploração,,,,,,,,,,,,,
280187550,6976388,280187550,0110S5007800,ÍLHAVO,1973.0,12-2000,,1.0,LEL 8190,Em exploração,,,,,,,,,,,,,
280187551,6976395,280187551,0308S5008400,GUIMARÃES,1966.0,10-1967,,2.0,7658 S,Em exploração,,,,,,,,,,,,,
280187552,6976403,280187552,0308S5008400,GUIMARÃES,1966.0,12-1967,,1.0,7661 S,Em exploração,,,,,,,,,,,,,
280187554,6976419,280187554,1308S5009500,MATOSINHOS SUL,1985.0,11-2001,,1.0,19468 C,Em exploração,,,,,,,,,,,,,
280187555,6976463,280187555,1306S5008900,MAIA,1979.0,12-1981,,2.0,LEL 13333,Em exploração,,,,,,,,,,,,,
280187556,6976471,280187556,1306S5008900,MAIA,1979.0,12-1981,,1.0,LEL 13332,Em exploração,,,,,,,,,,,,,
280187557,6976479,280187557,0308S5008400,GUIMARÃES,1976.0,10-1977,,3.0,13151 C,Em exploração,,,,,,,,,,,,,
280187560,6977064,280187560,1804S3009800,AREGOS,1960.0,12-1968,,3.0,67991,Em exploração,,,,,,,,,,,,,
280192337,8633857,280192337,1508S3032800,POCEIRÃO,1975.0,01-1999,,1.0,13115 C,Em exploração,,,,,,,,,,,,,
280865933,8864115,280865933,0211S3051400,ODEMIRA,1980.0,12-2014,,1.0,LEL 16865,Em exploração,,,,,,,,,,,,,
280191734,8865864,280191734,0211S3051200,CORTE SEVILHA,1981.0,12-1982,,1.0,LEL 17621,Em exploração,,,,,,,,,,,,,
280191737,8866223,280191737,1113S3408000,CAMPELOS,1960.0,12-1962,,1.0,4039,Em exploração,,,,,,,,,,,,,
280826310,8866348,280826310,1113S3408000,CAMPELOS,1984.0,03-2013,,2.0,LEL 25243,Em exploração,,,,,,,,,,,,,
280191755,8872483,280191755,1113S3164800,TORRES VEDRAS,1974.0,12-1974,,2.0,13098 C,Em exploração,,,,,,,,,,,,,
280191758,8872574,280191758,1113S3164800,TORRES VEDRAS,1972.0,12-1973,,1.0,13021 C,Em exploração,,,,,,,,,,,,,
280191816,8956359,280191816,1103S5191400,ESPADANAL,1978.0,12-1980,,3.0,LEL 12986,Em exploração,,,,,,,,,,,,,
280191823,8967519,280191823,1401S5636700,INE-OLHO BOI,1971.0,12-1996,,,10488 C,INE - Para abate,,,,,,,,,,,,,
280191855,9029595,280191855,1107S5819500,MERCADO,1998.0,12-2001,,2.0,C 13524,Em exploração,,,,,,,,,,,,,
280191890,9202490,280191890,1505S3054100,GRÂNDOLA,1973.0,12-1997,,2.0,13142 C,Em exploração,,,,,,,,,,,,,
280191891,9202702,280191891,1505S3054100,GRÂNDOLA,1976.0,12-1978,,1.0,13049 C,Em exploração,,,,,,,,,,,,,
280228827,9257184,280228827,0115S5008100,OVAR,2005.0,08-2005,,1.0,C 0111 A,Em exploração,,,,,,,,,,,,,
280218497,9257193,280218497,0115S5008100,OVAR,2006.0,06-2006,,2.0,C 0160 A,Em exploração,,,,,,,,,,,,,
280191950,9352668,280191950,1806S5008500,MANGUALDE,1980.0,12-1981,2017.0,2.0,19321 C,Em exploração,,,,,,,,,,,,,
280191960,9424060,280191960,0209S3051300,SÃO JOÃO DOS CALDEIREIROS,1981.0,12-1998,,1.0,LEL 19868,Em exploração,,,,,,,,,,,,,
280191962,9425870,280191962,0213S3050200,VALE DE VARGO,1981.0,12-1998,,1.0,LEL 19865,Em exploração,,,,,,,,,,,,,
280192002,9437334,280192002,0205S3050800,P. INDUSTRIAL BEJA,1981.0,12-1995,,1.0,LEL 17618,Em exploração,,,,,,,,,,,,,
280192101,9589101,280192101,1107S5097500,MOSCAVIDE,1998.0,11-2000,,2.0,C 13522,Em exploração,,,,,,,,,,,,,
280192105,9622326,280192105,1824S5009400,VOUZELA,1977.0,12-1978,,2.0,13182 C,Em exploração,,,,,,,,,,,,,
280192155,9693639,280192155,0505S5006800,SENHORA DA GRAÇA,1979.0,08-2004,,1.0,19271 C,Em exploração,,,,,,,,,,,,,
280192182,9720228,280192182,1421S5004500,FÁTIMA,1985.0,12-2002,,1.0,LEL 25155,Em exploração,,,,,,,,,,,,,
280853909,9725889,280853909,1006S5005000,SANTO ONOFRE,2014.0,08-2014,,2.0,LEL 111865,Em exploração,,,,,,,,,,,,,
280217546,9733021,280217546,1107S5167800,ANAIA,2006.0,10-2006,,2.0,C 0173 A,Em exploração,,,,,,,,,,,,,
280192212,9739815,280192212,1116S5340000,ARROJA,2007.0,12-2007,,1.0,LEL 104953,Em exploração,,,,,,,,,,,,,
280181446,10238399,280181446,1207S5767100,ALCÁÇOVA,1972.0,12-1974,,3.0,7104923,INE - Em decisão,2019-01-01,Abate,,,ED-1401-SE-60-NE_OLH,INE OLHO DE BOI,-,,,,,,
280181447,10238929,280181447,1207S5767100,ALCÁÇOVA,1981.0,12-1982,,4.0,LEL 17929,INE - Em decisão,2019-01-01,Abate,,,ED-1401-SE-60-NE_OLH,INE OLHO DE BOI,-,,,,,,
280181452,10273658,280181452,1512S5030700,INE-SÃO SEBASTIÃO,1972.0,10-1973,,3.0,10443 S,INE - Para abate,,,,,,,,,,,,,
280181453,10273667,280181453,1114S5140100,ALHANDRA,1981.0,10-1983,,2.0,19363 C,Em exploração,2019-01-01,Beneficiação em fábrica,,,ED-1106-SE-60-907000,SE BOAVISTA (LISBOA),1,,,,,,
280181454,10273680,280181454,1114S5140100,ALHANDRA,1972.0,10-1973,,1.0,10444 S,INE - Para abate,2019-01-01,Abate,,,ED-1512-SE-60-NE_SEB,INE S. SEBASTIÃO,-,,,,,,
280181517,11164475,280181517,1413S5585200,BELVER,1995.0,12-2000,,5.0,LEL 53720,Em exploração,,,,,,,,,,,,,
280210079,11178391,280210079,1503S5021300,AROEIRA,2001.0,12-2002,,2.0,LEL 86278,Em exploração,,,,,,,,,,,,,
280181581,11266939,280181581,1410S5625300,ENTRONCAMENTO,1971.0,12-1972,,1.0,10489 C,Em exploração,,,,,,,,,,,,,
280228828,11317446,280228828,0212S3051000,OURIQUE,1968.0,12-1986,,1.0,LEL 4722,Em exploração,,,,,,,,,,,,,
280181755,11516291,280181755,1103S5191400,ESPADANAL,1981.0,10-1999,,1.0,19338 C,Em exploração,,,,,,,,,,,,,
280181811,11807232,280181811,1504S5022700,QUIMIPARQUE,1975.0,12-1976,,2.0,13106 C,Em exploração,,,,,,,,,,,,,
280182018,12047888,280182018,0605S5005800,GALA,1982.0,11-1982,2018.0,2.0,LEL 19872,Em exploração,,,,,,,,,,,,,
280182153,12276148,280182153,0709S3041000,PORTEL,1983.0,12-1985,,1.0,LEL 21694,Em exploração,,,,,,,,,,,,,
280182194,12357638,280182194,0207S3050900,CUBA,1976.0,12-1978,,1.0,13134 C,Em exploração,,,,,,,,,,,,,
280182197,12357949,280182197,0207S3050900,CUBA,1971.0,12-1973,,2.0,13001 C,Em exploração,,,,,,,,,,,,,
280182278,12631541,280182278,1410S5625300,ENTRONCAMENTO,1979.0,12-1979,2005.0,3.0,LEL 13336,Em exploração,,,,,,,,,,,,,
280192273,13261290,280192273,0508S5008800,VALE SERRÃO,1962.0,12-1964,,1.0,5503 C,Em exploração,,,,,,,,,,,,,
280192274,13325890,280192274,1416S3680000,TREMÊZ,1981.0,12-1983,,1.0,19328 C,Em exploração,,,,,,,,,,,,,
280192277,13350489,280192277,1401S5636700,INE-OLHO BOI,1964.0,12-1996,,1.0,7130,INE - Reserva Operacional,,,,,,,,,,,,,
280192282,13402007,280192282,1406S3679900,CARTAXO,1982.0,12-1984,,1.0,19402 C,Em exploração,,,,,,,,,,,,,
280192284,13465807,280192284,1416S5106800,FONTAINHAS,1980.0,12-1982,,3.0,19306,Em exploração,,,,,,,,,,,,,
280192285,13471355,280192285,0510S3666300,VILA DE REI,1978.0,12-1978,,1.0,LEL 12422,Em exploração,,,,,,,,,,,,,
280192286,13572514,280192286,1103S3827200,AVEIRAS,2005.0,01-2005,,1.0,26116,Em exploração,,,,,,,,,,,,,
ID_INE1,13730693,ID_INE1,1512S5030700,INE-SÃO SEBASTIÃO,1981.0,12-1982,,1.0,LEL 17620,INE - Em decisão,,,,,,,,,,,,,
280192290,16223905,280192290,1011S3010500,INE-OLHO BOI,1982.0,12-1984,,1.0,LEL20998,INE - Reserva Operacional,,,,,,,,,,,,,
280192300,20097295,280192300,1416S5106800,FONTAINHAS,1993.0,12-1995,,2.0,LEL 44040,Em exploração,,,,,,,,,,,,,
280192301,20097327,280192301,1416S5106800,FONTAINHAS,1990.0,12-1992,,1.0,LEL 35972,Em exploração,,,,,,,,,,,,,
280192304,24152358,280192304,1402S5568200,VILA MOREIRA,1985.0,12-1987,,1.0,19461 C,Em exploração,,,,,,,,,,,,,
280192305,24447256,280192305,1402S5568200,VILA MOREIRA,1985.0,12-1987,2018.0,2.0,19462 C,Em exploração,,,,,,,,,,,,,
280192335,24492038,280192335,0206S3054800,CASTRO VERDE,1971.0,12-1973,,1.0,LEL 6616,Em exploração,,,,,,,,,,,,,
280192306,26258807,280192306,0312S5003800,REQUIÃO,1975.0,11-2002,,1.0,13747 S,Em exploração,,,,,,,,,,,,,
280192307,26258875,280192307,0308S5001900,PEVIDÉM,1962.0,12-2002,,3.0,B 604651,Em exploração,,,,,,,,,,,,,
280210080,27897598,280210080,1115S5528500,CASAL SÃO BRÁS,2002.0,01-2004,,1.0,LEL 91552,Em exploração,,,,,,,,,,,,,
280812035,28530178,280812035,0813S5062400,TUNES,2012.0,07-2012,,1.0,1 LIT 754605.01,Em exploração,,,,,,,,,,,,,
280192314,28609759,280192314,0312S5003800,REQUIÃO,1975.0,11-2002,,2.0,LEL 08941,Em exploração,,,,,,,,,,,,,
280192315,29065275,280192315,1308S5000500,AMIEIRA,1967.0,11-1967,,2.0,3332,Em exploração,,,,,,,,,,,,,
280192316,29893525,280192316,0205S5050100,BEJA,1984.0,12-1986,2015.0,1.0,LEL 23880,Em exploração,,,,,,,,,,,,,
280192317,31418093,280192317,0211S5053400,VILA NOVA MILFONTES,1993.0,12-1995,,1.0,C 12581,Em exploração,,,,,,,,,,,,,
280192318,31418112,280192318,0211S5053400,VILA NOVA MILFONTES,1994.0,12-1995,,2.0,LEL 47929,Em exploração,,,,,,,,,,,,,
280648264,32921786,280648264,0313S5020100,TURIZ,2009.0,12-2009,,2.0,C 0387 A,Em exploração,,,,,,,,,,,,,
280579480,34768455,280579480,0712S5042500,VENDAS NOVAS,1980.0,12-1982,,3.0,19305,Em exploração,,,,,,,,,,,,,
280192324,34772913,280192324,0712S5042500,VENDAS NOVAS,1972.0,12-1973,,2.0,13030 C,Em exploração,,,,,,,,,,,,,
280579488,34818473,280579488,1415S5840100,MEXEEIRO,1974.0,12-2003,,1.0,7405147,Em exploração,,,,,,,,,,,,,
280579503,35168819,280579503,1113S5900500,TORRES VEDRAS SUL,2003.0,11-2003,,1.0,LEL 93063,Em exploração,,,,,,,,,,,,,
280210081,35196461,280210081,1507S5900600,MONTIJO,2003.0,11-2003,,2.0,C 0010 A,Em exploração,,,,,,,,,,,,,
280192326,36642174,280192326,1512S5030700,INE-SÃO SEBASTIÃO,1967.0,03-2004,,2.0,LEL 2816,INE - Para abate,,,,,,,,,,,,,
280192268,37516549,280192268,0111S5006200,PAMPILHOSA,1981.0,12-1988,,2.0,19348 C,Em exploração,,,,,,,,,,,,,
280187559,37717854,280187559,1308S5000500,AMIEIRA,1965.0,12-1965,,3.0,44449,Em exploração,,,,,,,,,,,,,
280210075,38957474,280210075,1401S5636700,OLHO BOI,1978.0,12-1980,,1.0,16636 S,Em exploração,,,,,,,,,,,,,
280187509,44094064,280187509,0308S5001900,PEVIDÉM,1965.0,12-1965,,1.0,B 609677,Em exploração,,,,,,,,,,,,,
280187508,44094072,280187508,0308S5001900,PEVIDÉM,1965.0,12-1965,,2.0,B 609676,Em exploração,,,,,,,,,,,,,
280209981,46612734,280209981,1409S5568300,CORUCHE,1979.0,12-1982,,2.0,19273 C,Em exploração,,,,,,,,,,,,,
280210305,49987421,280210305,1308S5007600,CUSTÓIAS,2003.0,09-2003,,3.0,C 0025 A,Em exploração,,,,,,,,,,,,,
280210306,49987428,280210306,1308S5007600,CUSTÓIAS,2003.0,09-2003,,1.0,C 0025 B,Em exploração,,,,,,,,,,,,,
280209982,49987453,280209982,1311S5006900,ENTRE-OS-RIOS,2003.0,10-2003,,1.0,LEL 92253,INE - Para abate,2018-04-06,Avaria,,,ED-0312-SE-60-NE_RUI,INE RUIVÃES,-,,,,,,
280209983,51351646,280209983,1106S5072500,SENHOR ROUBADO,1995.0,12-1997,,1.0,C 12926,Em exploração,,,,,,,,,,,,,
280210737,53902672,280210737,1401S5636700,OLHO BOI,1978.0,12-1980,,2.0,16635 S,Em exploração,,,,,,,,,,,,,
280210299,53902681,280210299,1405S5680800,CARRASCAL,1979.0,12-1981,2015.0,2.0,LEL 13334,Em exploração,,,,,,,,,,,,,
280211744,54482499,280211744,0109S5010000,SÃO JOÃO DA MADEIRA,2004.0,01-2005,,1.0,C 0095 A,Em exploração,,,,,,,,,,,,,
280210078,57432731,280210078,1606S6011800,LINDOSO,2003.0,05-2004,,2.0,LEL 93128,Em exploração,,,,,,,,,,,,,
280210300,59142363,280210300,0109S5009200,RIO MEÃO,2003.0,10-2003,,2.0,LEL 94555,Em exploração,,,,,,,,,,,,,
280210302,67422781,280210302,0504S5008900,FUNDÃO,1979.0,11-1992,,2.0,LEL 14854,Em exploração,,,,,,,,,,,,,
280210738,67951274,280210738,1015S5004400,RANHA,2003.0,04-2004,,1.0,LEL 95308,Em exploração,,,,,,,,,,,,,
280190624,67970944,280190624,1512S5031200,SADO,2003.0,01-2004,,1.0,C 0039 A,Em exploração,,,,,,,,,,,,,
280228829,68876502,280228829,1512S5990600,SE MÓVEL 06,2001.0,05-2001,,1.0,LEL 86728,Em exploração,,,,,,,,,,,,,
280214117,69918181,280214117,0214S3901300,VIDIGUEIRA,1969.0,12-1970,,1.0,LEL 5311,Em exploração,,,,,,,,,,,,,
280210739,70577288,280210739,0911S5007700,SABUGAL,1980.0,05-2004,,1.0,19298 C,Em exploração,,,,,,,,,,,,,
280209969,71713612,280209969,1406S5900900,CARTAXO NORTE,2001.0,12-2002,,1.0,LEL 86727,Em exploração,,,,,,,,,,,,,
280211745,82653701,280211745,0903S5008700,CELORICO,1973.0,01-2005,,1.0,LEL 7014,Em exploração,,,,,,,,,,,,,
280211746,83427379,280211746,1106S5900100,GAGO COUTINHO,2003.0,12-2004,,1.0,LEL 93130,Em exploração,,,,,,,,,,,,,
280211747,84279916,280211747,1506S5031400,MOITA,2004.0,10-2004,,2.0,C 0078 A,Em exploração,,,,,,,,,,,,,
280211748,84279935,280211748,1510S5021200,FOGUETEIRO,2004.0,11-2004,,1.0,LEL 97199,Em exploração,,,,,,,,,,,,,
280214118,86318773,280214118,1512S5031200,SADO,2004.0,11-2004,,2.0,C 0080 A,Em exploração,,,,,,,,,,,,,
280211752,86721622,280211752,1301S5020200,CARNEIRO,2004.0,11-2004,,1.0,LEL 97207,Em exploração,,,,,,,,,,,,,
280211753,88658785,280211753,1202S5901700,ARRONCHES,2004.0,01-2005,,1.0,LEL 96456,Em exploração,,,,,,,,,,,,,
280211755,90197937,280211755,0109S5010000,SÃO JOÃO DA MADEIRA,2004.0,01-2005,,2.0,C 0095 B,Em exploração,,,,,,,,,,,,,
280211756,94706702,280211756,1416S5901800,VALE FIGUEIRA,2004.0,12-2005,,1.0,LEL 96457,Em exploração,,,,,,,,,,,,,
280215756,94900866,280215756,0303S5020700,LAMAS,2004.0,03-2005,,1.0,C 0095 C,Em exploração,,,,,,,,,,,,,
280579566,95040987,280579566,1101S5901600,CHEGANÇAS,1971.0,08-2004,,2.0,10493 C,Em exploração,,,,,,,,,,,,,
280211758,96439870,280211758,1111S5395000,MEM MARTINS,2003.0,10-2004,,2.0,LEL 97203,Em exploração,,,,,,,,,,,,,
280211759,96439877,280211759,1111S5395000,MEM MARTINS,2004.0,01-2005,,1.0,LEL 94556,Em exploração,,,,,,,,,,,,,
280215757,96456383,280215757,0303S5020700,LAMAS,2004.0,03-2005,,2.0,C 0095 E,Em exploração,,,,,,,,,,,,,
280211761,96939743,280211761,1104S5672000,CADAVAL,1989.0,12-1990,,1.0,C 11964,Em exploração,,,,,,,,,,,,,
280212386,98531622,280212386,0605S5005800,GALA,2004.0,04-2005,,1.0,C 0060 A,Em exploração,,,,,,,,,,,,,
280215758,99644344,280215758,1310S5000800,LORDELO,2004.0,04-2005,,1.0,C 0108 A,Em exploração,,,,,,,,,,,,,
280212592,99850828,280212592,1416S5901000,ALCANEDE,2004.0,05-2005,,1.0,1 LIT 00790 C,Em exploração,,,,,,,,,,,,,
280212387,100308625,280212387,1510S5021200,FOGUETEIRO,2004.0,04-2005,,2.0,LEL 97820,Em exploração,,,,,,,,,,,,,
280215755,102515402,280215755,1823S5004600,ORGENS,2004.0,10-2005,,2.0,C 0097 A,Em exploração,,,,,,,,,,,,,
280214119,104998257,280214119,0402S5005100,BRAGANÇA,2005.0,09-2005,,1.0,1 LIT 01051 AB,Em exploração,,,,,,,,,,,,,
280212589,105032836,280212589,0312S5001200,CANIÇOS,2005.0,07-2005,,1.0,C 0120 A,Em exploração,,,,,,,,,,,,,
280214120,105032844,280214120,0312S5001200,CANIÇOS,2005.0,09-2005,,2.0,C 0120 C,Em exploração,,,,,,,,,,,,,
280215873,105041042,280215873,1304S5015400,GONDOMAR,1980.0,12-2005,,2.0,LEL 14922,Em exploração,,,,,,,,,,,,,
280212738,106521759,280212738,0809S5060500,MONCHIQUE,1996.0,06-2005,,1.0,C 13371,Em exploração,,,,,,,,,,,,,
280212590,107818812,280212590,0803S5062700,ALJEZUR,1994.0,06-2005,,1.0,C 12815,Em exploração,,,,,,,,,,,,,
280212591,108940350,280212591,0808S5060200,LOULÉ,1983.0,12-1974,,2.0,19414 C,Em exploração,,,,,,,,,,,,,
280212844,111718698,280212844,1112S5901400,CABEDA,2004.0,12-2005,,2.0,1 LIT 00790 E,Em exploração,,,,,,,,,,,,,
280214121,115694481,280214121,1105S5250000,BIRRE,2004.0,12-2005,,2.0,LEL 97822,Em exploração,,,,,,,,,,,,,
280214122,115696619,280214122,1105S5250000,BIRRE,2004.0,12-2005,,1.0,LEL 97200,Em exploração,,,,,,,,,,,,,
280218033,115806001,280218033,0105S5001500,AVEIRO,2005.0,12-2005,,1.0,C 0120 D,Em exploração,,,,,,,,,,,,,
280214124,116667557,280214124,1106S5045000,SÃO CIRO,2004.0,12-2005,,1.0,LEL 97715,Em exploração,,,,,,,,,,,,,
280218042,117122774,280218042,1317S5020400,SERZEDO,2006.0,12-2006,,1.0,C 0178 B,Em exploração,,,,,,,,,,,,,
280578878,117177863,280578878,1602S5021100,ÂNCORA,2005.0,12-2006,,2.0,1 LIT 010501,Em exploração,,,,,,,,,,,,,
280226429,120388334,280226429,0312S5991400,SE MÓVEL 14,1990.0,01-1998,,1.0,C 12060,Em exploração,,,,,,,,,,,,,
280191912,120950720,280191912,1009S5002700,PINHEIROS,1979.0,12-2001,,2.0,19256 C,Em exploração,,,,,,,,,,,,,
280216341,121152458,280216341,0208S5052500,FERREIRA DO ALENTEJO,1981.0,09-2005,,1.0,19254 C,Em exploração,,,,,,,,,,,,,
280578886,121864558,280578886,0603S5006100,TAVEIRO,1995.0,11-1996,,2.0,C 13076,Em exploração,,,,,,,,,,,,,
280226430,121864882,280226430,0105S5001500,AVEIRO,2004.0,12-2004,,2.0,C 0079A,Em exploração,,,,,,,,,,,,,
280210303,124467022,280210303,1010S5011000,CASAL DA LEBRE,1982.0,12-1983,,1.0,LEL 3519,Em exploração,,,,,,,,,,,,,
280185869,125938104,280185869,1808S5009500,MORTÁGUA,1983.0,10-2008,2016.0,2.0,19411 C,Em exploração,,,,,,,,,,,,,
280187426,126329842,280187426,1307S5007700,MARCO DE CANAVESES,1981.0,11-2005,,1.0,19345 C,Em exploração,,,,,,,,,,,,,
280187472,128323892,280187472,1609S5011200,SÃO ROMÃO DE NEIVA,1979.0,11-2006,,2.0,19261 C,Em exploração,,,,,,,,,,,,,
280578899,128718689,280578899,0801S5900800,MONTECHORO,2008.0,12-2008,,1.0,C 0328 A,Em exploração,,,,,,,,,,,,,
280187459,129434489,280187459,1713S5014700,SOUTELO,1981.0,05-2006,,1.0,19367 C,Em exploração,,,,,,,,,,,,,
280226431,130566508,280226431,0106S5021300,FORNOS,2006.0,06-2007,,1.0,1 LIT 014751,Em exploração,,,,,,,,,,,,,
280610263,131386798,280610263,0209S3050600,CERRO CALVÁRIO,1976.0,01-2010,,1.0,13141 C,Em exploração,,,,,,,,,,,,,
280782752,133181821,280782752,0811S5060400,PORTO DE LAGOS,2003.0,04-2011,,1.0,LEL 94566,Em exploração,,,,,,,,,,,,,
280187441,133515100,280187441,0301S5009900,AMARES,1993.0,12-2006,,1.0,LEL 47926,Em exploração,,,,,,,,,,,,,
280187469,133515122,280187469,1609S5011200,SÃO ROMÃO DE NEIVA,1976.0,12-2006,,1.0,13152 C,Em exploração,,,,,,,,,,,,,
280613647,134437701,280613647,0609S5004700,MIRANDA DO CORVO,2009.0,03-2011,,2.0,C 0388 A,Em exploração,,,,,,,,,,,,,
280216345,134810967,280216345,1405S5680800,CARRASCAL,1979.0,12-1982,,1.0,LEL 13335,Em exploração,,,,,,,,,,,,,
280216346,134811590,280216346,1406S5192700,CRUZ DO CAMPO,1979.0,01-2006,,2.0,19272 C,Em exploração,,,,,,,,,,,,,
280192130,134951409,280192130,1706S5021200,VILA DA PONTE,1982.0,12-2006,,1.0,LEL 20089,Em exploração,,,,,,,,,,,,,
280216347,136802615,280216347,1112S5901400,CABEDA,2004.0,03-2004,,1.0,1 LIT 00790 D,Em exploração,,,,,,,,,,,,,
280187523,137461067,280187523,1418S5003600,VENDA NOVA (Tomar),1974.0,03-2006,,3.0,LEL 8191,Em exploração,,,,,,,,,,,,,
280784556,137544630,280784556,0603S5022800,ANTANHOL,2011.0,07-2011,,2.0,1 LIT 75448102,Em exploração,,,,,,,,,,,,,
280626357,138742507,280626357,1805S5011300,LAMEGO,2009.0,02-2010,,1.0,LEL 108502,Em exploração,,,,,,,,,,,,,
280216348,139353243,280216348,1111S5900300,RANHOLAS,2002.0,12-2004,,1.0,LEL 96458,Em exploração,,,,,,,,,,,,,
280216349,139356550,280216349,1107S5221400,LOURES,2005.0,12-1995,,2.0,LEL 99777,Em exploração,,,,,,,,,,,,,
280216350,139357145,280216350,1107S5221400,LOURES,2005.0,10-2006,,1.0,LEL 99778,Em exploração,,,,,,,,,,,,,
280216351,139932440,280216351,1110S5117100,FIGUEIRINHA,2004.0,12-2005,,1.0,LEL 97656,Em exploração,,,,,,,,,,,,,
280216352,139932860,280216352,1110S5117100,FIGUEIRINHA,2004.0,12-2007,,2.0,LEL 97657,Em exploração,,,,,,,,,,,,,
280228814,145362615,280228814,0211S5053600,SÃO TEOTÓNIO,2005.0,12-2005,,2.0,1 LIT 011601,Em exploração,,,,,,,,,,,,,
280182286,161938725,280182286,1106S5140000,VALE ESCURO,1983.0,05-2006,,1.0,LEL 21689,Em exploração,,,,,,,,,,,,,
280792440,170782063,280792440,1714S5022900,JORJAIS,2011.0,09-2011,,2.0,C 0532 A,Em exploração,,,,,,,,,,,,,
280217228,171669912,280217228,0110S5004000,GAFANHA,2005.0,12-2006,,2.0,C 0111 B,Em exploração,,,,,,,,,,,,,
280217230,171670124,280217230,0113S5008000,OLIVEIRA DE AZEMÉIS,2005.0,07-2005,,1.0,C 0120 B,Em exploração,,,,,,,,,,,,,
280217231,171671515,280217231,0113S5008000,OLIVEIRA DE AZEMÉIS,2005.0,04-2006,,2.0,C 0120 E,Em exploração,,,,,,,,,,,,,
280187497,172198373,280187497,0603S5005100,ALEGRIA,1995.0,07-2011,,1.0,LEL 54620,Em exploração,,,,,,,,,,,,,
280192321,174002114,280192321,1107S5901900,FANHÕES,1983.0,06-2006,,2.0,LEL 21691,Em exploração,,,,,,,,,,,,,
280217232,174002142,280217232,1107S5901900,FANHÕES,1983.0,06-2006,,1.0,LEL 21692,Em exploração,,,,,,,,,,,,,
280192237,174302288,280192237,1111S5377000,QUELUZ,1973.0,12-1974,,2.0,13036 C,Em exploração,,,,,,,,,,,,,
280578935,174364659,280578935,0115S5000800,ARADA,2005.0,12-2006,,2.0,C 0120 F,Em exploração,,,,,,,,,,,,,
280210304,175871651,280210304,0704S5041600,ESTREMOZ,1968.0,12-1970,,2.0,LEL 3725,Em exploração,,,,,,,,,,,,,
280217233,179210107,280217233,1112S5901400,CABEDA,1960.0,12-1990,,3.0,4038,INE - Para abate,2019-01-01,Avaria,,,ED-0312-SE-60-NE_RUI,INE RUIVÃES,-,,,,,,
280217234,179213491,280217234,0807S5063100,LAGOS,2005.0,12-2006,,1.0,LEL 101150,Em exploração,,,,,,,,,,,,,
280578978,179429030,280578978,1416S5902600,SÃO BENTO,2003.0,02-2009,,2.0,C 0040 A,Em exploração,,,,,,,,,,,,,
280181527,181619187,280181527,1115S5480500,REBOLEIRA,1989.0,02-2009,,1.0,LEL 32620,Em exploração,,,,,,,,,,,,,
280611491,182874774,280611491,1508S5902400,PINHAL NOVO,2005.0,09-2006,,1.0,LEL 98667,Em exploração,,,,,,,,,,,,,
280579075,185486860,280579075,1207S5767100,ALCÁÇOVA,1984.0,12-1985,,1.0,LEL 25241,Em exploração,,,,,,,,,,,,,
280228815,186164148,280228815,0615S5010500,SOURE,2006.0,12-2008,,1.0,1 LIT 031381,Em exploração,,,,,,,,,,,,,
280215880,186863816,280215880,1609S5001100,SANTA MARTA DE PORTUZELO,2005.0,11-2005,,1.0,C 0121 B,Em exploração,,,,,,,,,,,,,
280651888,189604738,280651888,1105S5903300,CASCAIS,2009.0,12-2010,,1.0,LEL 107963,Em exploração,,,,,,,,,,,,,
280187460,193268804,280187460,0407S5014900,MIRANDELA,1981.0,12-1983,,2.0,19366 C,Em exploração,,,,,,,,,,,,,
280192328,194595885,280192328,0813S5061900,SÃO BARTOLOMEU MESSINES,2000.0,12-2001,,1.0,LEL 80617,Em exploração,,,,,,,,,,,,,
280191680,194596021,280191680,0706S5041300,MONTEMOR,1995.0,11-1996,,2.0,LEL 53513,Em exploração,,,,,,,,,,,,,
280217542,196183655,280217542,1315S5021000,PALMILHEIRA,2005.0,11-2006,,1.0,C 0121 C,Em exploração,,,,,,,,,,,,,
280182300,196673801,280182300,1111S5749400,JANAS,1967.0,12-2005,,2.0,7672 S,Em exploração,,,,,,,,,,,,,
280182301,204276163,280182301,1111S5749400,JANAS,1968.0,12-2004,,1.0,7675 S,Em exploração,,,,,,,,,,,,,
280185909,208031934,280185909,1824S5009400,VOUZELA,1975.0,12-2006,,1.0,13104 C,Em exploração,,,,,,,,,,,,,
280185907,208032048,280185907,1823S5009300,GUMIEI,1981.0,12-2006,,2.0,19335 C,Em exploração,,,,,,,,,,,,,
280218036,208032065,280218036,1821S5009100,TONDELA,2006.0,12-2006,,1.0,C 0178 C,Em exploração,,,,,,,,,,,,,
280218038,208456386,280218038,1111S5221600,CACÉM,2006.0,09-2007,,1.0,LEL 102025,Em exploração,,,,,,,,,,,,,
280228830,208796908,280228830,1106S5025800,CENTRAL TEJO,2006.0,06-2006,,2.0,LEL 102023,Em exploração,,,,,,,,,,,,,
280228831,208797480,280228831,1106S5025800,CENTRAL TEJO,2006.0,12-2006,,1.0,LEL 102028,Em exploração,,,,,,,,,,,,,
280210074,208797770,280210074,1109S5727400,TELHEIRO,1967.0,12-1967,,1.0,7653 S,Em exploração,,,,,,,,,,,,,
280218039,210859929,280218039,1503S5021500,MUTELA,1989.0,12-1998,,2.0,C 11962,Em exploração,,,,,,,,,,,,,
280218040,210860791,280218040,1503S5021500,MUTELA,1989.0,12-1998,2017.0,1.0,C 11963,Em exploração,,,,,,,,,,,,,
280181363,213459675,280181363,0102S5010600,VISTA ALEGRE,1979.0,08-2006,,1.0,19259 C,Em exploração,,,,,,,,,,,,,
280187481,213460166,280187481,0102S5010600,VISTA ALEGRE,1979.0,02-2007,,2.0,19264 C,Em exploração,,,,,,,,,,,,,
280579199,215147311,280579199,1010S5011000,CASAL DA LEBRE,2008.0,12-2008,,2.0,C 0304 A,Em exploração,,,,,,,,,,,,,
280579200,215162163,280579200,0603S5006400,CORRENTE,2007.0,06-2008,,2.0,C 0245 A,Em exploração,,,,,,,,,,,,,
280579213,216278061,280579213,0110S5007800,ÍLHAVO,2008.0,12-2008,,2.0,C 0315 A,Em exploração,,,,,,,,,,,,,
280218492,216832233,280218492,1106S5275000,AEROPORTO,2006.0,11-2008,,1.0,LEL 98665,Em exploração,,,,,,,,,,,,,
280611301,219637195,280611301,1106S5200300,ALAMEDA,2005.0,12-2006,,1.0,LEL 99411,Em exploração,,,,,,,,,,,,,
280611302,219637990,280611302,1113S5901500,BOMBARDEIRA,1967.0,12-2007,,1.0,7619 C,Em exploração,,,,,,,,,,,,,
280864415,220620018,280864415,1109S5902500,VENDA DO PINHEIRO,1973.0,10-2014,,2.0,13035 C,Em exploração,,,,,,,,,,,,,
280625037,220661880,280625037,1109S5430000,MAFRA,1974.0,12-1999,,1.0,13064 C,Em exploração,,,,,,,,,,,,,
280795269,220759742,280795269,1106S5375000,LUZ,2010.0,12-2010,,1.0,LEL 110092,Em exploração,,,,,,,,,,,,,
280795270,220821148,280795270,1106S5375000,LUZ,2010.0,12-2010,,2.0,LEL 110091,Em exploração,,,,,,,,,,,,,
280210741,221118824,280210741,1203S5650400,MARANHÃO,1991.0,06-2010,,1.0,C 12316,Em exploração,,,,,,,,,,,,,
280626168,222778799,280626168,0213S5903000,BRINCHES,2009.0,06-2010,,2.0,C 0490 A,Em exploração,,,,,,,,,,,,,
280218494,223346312,280218494,0701S5042100,TERENA,1974.0,12-1976,,2.0,13084 C,Em exploração,,,,,,,,,,,,,
280228816,225704083,280228816,1803S5004800,CASTRO DAIRE,1979.0,10-2007,,1.0,LEL 14332,Em exploração,,,,,,,,,,,,,
280651889,225960237,280651889,1415S5636100,GLÓRIA,1987.0,12-1988,,1.0,C 11841,Em exploração,,,,,,,,,,,,,
280218037,226901828,280218037,1106S5140000,VALE ESCURO,1989.0,10-2010,,2.0,LEL 32621,Em exploração,,,,,,,,,,,,,
280611636,227605376,280611636,0213S5050300,SERPA,1974.0,02-2005,,1.0,13085 C,Em exploração,,,,,,,,,,,,,
280579269,227887796,280579269,1106S5431000,ENTRECAMPOS,1983.0,01-1990,,4.0,LEL 21690,Em exploração,,,,,,,,,,,,,
280579272,227888544,280579272,1106S5431000,ENTRECAMPOS,1986.0,08-1987,,3.0,LEL 26844,Em exploração,,,,,,,,,,,,,
280579274,227889365,280579274,1106S5431000,ENTRECAMPOS,1984.0,02-1990,,2.0,LEL 23877,Em exploração,,,,,,,,,,,,,
280579276,227889687,280579276,1106S5431000,ENTRECAMPOS,1984.0,02-1990,,1.0,LEL 23878,Em exploração,,,,,,,,,,,,,
280185932,227889842,280185932,1501S5053800,ALCÁCER DO SAL,1994.0,06-2004,,2.0,C 12721,Em exploração,,,,,,,,,,,,,
280226432,228310899,280226432,1513S5054400,MONTE FEIO,2004.0,12-2004,,1.0,C 0077 A,Em exploração,,,,,,,,,,,,,
280226433,228310972,280226433,1513S5054400,MONTE FEIO,2003.0,04-2004,,2.0,C 0028 A,Em exploração,,,,,,,,,,,,,
280647858,229215636,280647858,1115S5440000,VENTEIRA,2007.0,10-2010,,2.0,LEL 104913,Em exploração,,,,,,,,,,,,,
280624617,237376269,280624617,1501S5054200,COMPORTA,1994.0,03-2008,2016.0,1.0,LEL 48383,Em exploração,,,,,,,,,,,,,
280228817,244585581,280228817,0613S5003800,AGUIEIRA,2006.0,07-2007,,1.0,1 LIT 031371,Em exploração,,,,,,,,,,,,,
280228819,247928638,280228819,1817S5010700,SÁTÃO,1980.0,11-2008,,1.0,19297 C,Em exploração,,,,,,,,,,,,,
280864416,248617825,280864416,1109S5902500,VENDA DO PINHEIRO,1972.0,10-2014,,1.0,13010 C,Em exploração,,,,,,,,,,,,,
280612083,248622709,280612083,1305S5014600,LOUSADA,2009.0,03-2010,,2.0,C 0386 A,Em exploração,,,,,,,,,,,,,
280187461,248881700,280187461,0408S5010300,MOGADOURO,1979.0,03-2010,,1.0,LEL 13067,INE - Para abate,2019-08-01,Avaria,,,ED-0312-SE-60-NE_RUI,INE RUIVÃES,-,,,,,,
280642438,251293561,280642438,1014S5001200,ATOUGUIA,2010.0,09-2010,,1.0,LEL 109602,Em exploração,,,,,,,,,,,,,
280228820,251682129,280228820,1106S5275000,AEROPORTO,2006.0,08-2007,,2.0,LEL 98666,Em exploração,,,,,,,,,,,,,
280611303,252117989,280611303,1113S5901500,BOMBARDEIRA,1972.0,12-2007,,2.0,549096,Em exploração,,,,,,,,,,,,,
280647531,252264137,280647531,1512S5990700,SE MÓVEL 07,2001.0,12-2002,,1.0,LEL 88739,Em exploração,,,,,,,,,,,,,
280185871,252273377,280185871,1512S5030700,INE-SÃO SEBASTIÃO,1973.0,10-2004,,1.0,13045 C,INE - Para abate,2019-11-18,Avaria,,,ED-0312-SE-60-NE_RUI,INE RUIVÃES,-,,,,,,
280187489,254552811,280187489,0311S5001300,ERMAL,1976.0,04-2006,,2.0,13157 C,Em exploração,,,,,,,,,,,,,
280624666,254925561,280624666,0805S5063500,FARO,2009.0,06-2010,,2.0,C 0384 A,Em exploração,,,,,,,,,,,,,
280846688,255328781,280846688,1114S5340500,AREIAS (VFX),2009.0,12-2012,,2.0,C 0482 A,Em exploração,,,,,,,,,,,,,
280228822,256755456,280228822,1504S5022700,QUIMIPARQUE,2006.0,12-2007,,3.0,C 0174 A,Em exploração,,,,,,,,,,,,,
280182304,257017522,280182304,1111S5066400,PERO PINHEIRO,1974.0,12-1976,,1.0,LEL 16057,Em exploração,,,,,,,,,,,,,
280182302,257032156,280182302,1105S5376000,ESTORIL,1973.0,05-2010,,2.0,7340093,Em exploração,,,,,,,,,,,,,
280192211,257032233,280192211,1111S5066400,PERO PINHEIRO,1990.0,05-2010,,2.0,C 12066,Em exploração,,,,,,,,,,,,,
280624667,257622076,280624667,0805S5063500,FARO,2009.0,06-2010,,1.0,C 0385 A,Em exploração,,,,,,,,,,,,,
280192336,258416412,280192336,0102S5000700,ALBERGARIA,1976.0,02-2004,,2.0,13160 C,Em exploração,,,,,,,,,,,,,
280228823,258593928,280228823,1310S5000800,LORDELO,2007.0,04-2007,,2.0,C 0246 C,Em exploração,,,,,,,,,,,,,
280624474,258725558,280624474,0312S5990300,SE MÓVEL 03,1990.0,12-1992,,1.0,C 12061,Em exploração,,,,,,,,,,,,,
280187396,262626712,280187396,1603S5021700,ROUSSAS,1982.0,07-2008,,1.0,19375 C,Em exploração,,,,,,,,,,,,,
280228824,262627090,280228824,1309S5000700,PAÇOS DE FERREIRA,2007.0,09-2007,,2.0,C 0246 A,Em exploração,,,,,,,,,,,,,
280228825,262627264,280228825,1309S5000700,PAÇOS DE FERREIRA,2007.0,09-2007,,1.0,C 0246 B,Em exploração,,,,,,,,,,,,,
280192058,262629344,280192058,0311S5001300,ERMAL,1971.0,04-2006,,1.0,LEL 5328,Em exploração,,,,,,,,,,,,,
280228826,264491800,280228826,1111S5221600,CACÉM,2006.0,09-2007,,2.0,LEL 102029,Em exploração,,,,,,,,,,,,,
280187496,265443351,280187496,0603S5005100,ALEGRIA,1995.0,06-2011,2017.0,2.0,LEL 54621,Em exploração,,,,,,,,,,,,,
280555956,271251534,280555956,0705S5042200,CAEIRA,2006.0,12-2007,,2.0,C 0143 B,Em exploração,,,,,,,,,,,,,
280210742,279763656,280210742,0511S5011400,VILA VELHA DE RODÃO,1991.0,11-2009,,2.0,C 12317,Em exploração,,,,,,,,,,,,,
280555957,281814204,280555957,1115S5528500,CASAL SÃO BRÁS,2005.0,12-2006,,2.0,LEL 98664,Em exploração,,,,,,,,,,,,,
280608529,283277128,280608529,1114S5192200,PÓVOA,2003.0,11-2009,,4.0,C 0041 A,Em exploração,,,,,,,,,,,,,
280610161,285034007,280610161,1512S5990800,SE MÓVEL 08,1999.0,12-2000,,1.0,C 23698,Em exploração,,,,,,,,,,,,,
280610162,285294762,280610162,1512S5990900,SE MÓVEL 09,2004.0,12-2004,,1.0,LEL 97647,Em exploração,,,,,,,,,,,,,
280192332,285299125,280192332,1001S5004200,CASAL DA AREIA,1982.0,12-1981,,2.0,LEL 20271,Em exploração,,,,,,,,,,,,,
280610937,285910786,280610937,1108S5729600,LOURINHÃ,2009.0,12-2009,,1.0,LEL 108165,Em exploração,,,,,,,,,,,,,
280181437,286351629,280181437,0408S5010300,MOGADOURO,1977.0,01-2010,,2.0,LEL 11154,Em exploração,,,,,,,,,,,,,
280612759,286394052,280612759,1503S5021300,AROEIRA,1984.0,03-2010,,1.0,19458 C,Em exploração,,,,,,,,,,,,,
280185930,286817231,280185930,1013S5011300,PEDROGÃO,1989.0,12-2009,,2.0,C 11961,Em exploração,,,,,,,,,,,,,
280784073,288742589,280784073,0302S5022200,LIJÓ,2011.0,05-2011,,2.0,1LIT754481.01,Em exploração,,,,,,,,,,,,,
280787198,293291444,280787198,1807S5009800,VILA DA RUA,2010.0,07-2011,,2.0,C 0531 A,Em exploração,,,,,,,,,,,,,
280785840,293679688,280785840,1315S5021000,PALMILHEIRA,2011.0,07-2011,,2.0,1 LIT 754481.03,Em exploração,,,,,,,,,,,,,
280182393,294635058,280182393,1111S5903100,SÃO MARCOS,1972.0,10-2011,,1.0,13011 C,Em exploração,,,,,,,,,,,,,
280182394,294635092,280182394,1111S5903100,SÃO MARCOS,1973.0,10-2011,,2.0,13037 C,Em exploração,,,,,,,,,,,,,
280555958,295268674,280555958,1116S5340000,ARROJA,2007.0,12-2007,,2.0,LEL 104954,Em exploração,,,,,,,,,,,,,
280555959,295919265,280555959,0312S5990500,SE MÓVEL 05,1998.0,12-2000,,1.0,C 23845,Em exploração,,,,,,,,,,,,,
280555961,299293129,280555961,1509S3054300,AZINHAL,1981.0,12-1982,,1.0,LEL 17895,Em exploração,,,,,,,,,,,,,
280555962,304183277,280555962,1318S5020300,MURO,2004.0,04-2005,,2.0,C 0095 D,Em exploração,,,,,,,,,,,,,
280579473,311527038,280579473,1609S5021900,MONSERRATE,2007.0,06-2008,,2.0,C 0246 E,Em exploração,,,,,,,,,,,,,
280579474,323283628,280579474,0113S5011100,CARREGOSA,2007.0,12-2008,,2.0,C 0174 B,Em exploração,,,,,,,,,,,,,
280555964,332796028,280555964,1823S5009600,VISEU,2004.0,12-2006,,1.0,LEL 97821,Em exploração,,,,,,,,,,,,,
280579491,349702102,280579491,1303S5021400,SOUSA,2007.0,06-2008,,2.0,C 0246 D,Em exploração,,,,,,,,,,,,,
280579493,350081876,280579493,0506S5011200,OLEIROS,2008.0,07-2008,,1.0,LEL 106546,Em exploração,,,,,,,,,,,,,
280864417,350546002,280864417,1001S5001300,CELA,2014.0,12-2014,,1.0,C 0916 A,Em exploração,,,,,,,,,,,,,
280796703,398345863,280796703,0712S5042500,VENDAS NOVAS,1981.0,11-2009,2017.0,1.0,19334 C,Em exploração,,,,,,,,,,,,,
280611492,398675708,280611492,1114S5192200,PÓVOA,1983.0,12-1985,,5.0,LEL 21693,Em exploração,,,,,,,,,,,,,
280190680,399373986,280190680,1608S5006800,VALENÇA,1984.0,03-2010,,2.0,19450 C,Em exploração,,,,,,,,,,,,,
280190679,399374001,280190679,1608S5006800,VALENÇA,1984.0,11-2009,,1.0,19452 C,Em exploração,,,,,,,,,,,,,
280579512,431447522,280579512,0808S5903600,ALMANCIL,2007.0,10-2008,,2.0,C 0243 B,Em exploração,,,,,,,,,,,,,
280579516,438875663,280579516,1511S5020600,QUINTA DO CONDE,2007.0,12-2007,,2.0,C 0243 A,Em exploração,,,,,,,,,,,,,
280185911,440130849,280185911,1809S5004900,NELAS,1972.0,06-2008,,2.0,LEL 6722,Em exploração,,,,,,,,,,,,,
280185900,440130866,280185900,1802S5010800,CARREGAL DO SAL,1975.0,08-2008,,1.0,13103 C,Em exploração,,,,,,,,,,,,,
280795537,440756453,280795537,1106S5064000,SANTA MARTA,2010.0,12-1970,,2.0,LEL 109601,Em exploração,,,,,,,,,,,,,
280800850,440756504,280800850,1109S5727400,TELHEIRO,1990.0,09-1993,,2.0,C 12065,Em exploração,,,,,,,,,,,,,
280594253,449660347,280594253,0811S5063200,PORTIMÃO,2009.0,06-2009,,1.0,C 0383 A,Em exploração,,,,,,,,,,,,,
280192295,449660541,280192295,1207S5767100,ALCÁÇOVA,1982.0,06-2009,,2.0,LEL 19882,Em exploração,,,,,,,,,,,,,
280610606,451469960,280610606,1401S5990100,SE MÓVEL 01,1999.0,12-1999,2018.0,1.0,C 23738,Em exploração,,,,,,,,,,,,,
280647636,460942944,280647636,1002S5023000,ALVAIÁZERE,2010.0,12-2010,,2.0,LEL 109752,Em exploração,,,,,,,,,,,,,
280653134,463619275,280653134,1317S5011900,SANTA MARINHA,2010.0,12-2010,,2.0,C 0392 A,Em exploração,,,,,,,,,,,,,
280647255,466054044,280647255,1001S5000400,TURQUEL,1978.0,01-1990,,2.0,LEL 12749,Em exploração,,,,,,,,,,,,,
280182391,471326473,280182391,1114S5340500,AREIAS (VFX),1973.0,12-2012,,1.0,13051 C,Em exploração,,,,,,,,,,,,,
280797711,476746232,280797711,0114S5022700,OLIVEIRA DO BAIRRO,2011.0,12-2011,,2.0,1LIT754481 04,Em exploração,,,,,,,,,,,,,
280611619,516337254,280611619,1503S5022800,COSTA DA CAPARICA,2009.0,12-2009,,2.0,C 0331 A,Em exploração,,,,,,,,,,,,,
280596498,518002246,280596498,1308S5005900,SANTA CRUZ DO BISPO,2009.0,09-2009,,1.0,C 0390 A,Em exploração,,,,,,,,,,,,,
280611384,518989449,280611384,1107S5903700,CAMARATE,1985.0,12-1987,,2.0,19471 C,Em exploração,,,,,,,,,,,,,
280657974,522694811,280657974,0804S5062300,CASTRO MARIM,1980.0,02-2011,,2.0,19299 C,Em exploração,,,,,,,,,,,,,
280185838,535692628,280185838,0906S5008600,GOUVEIA,1980.0,12-2011,,1.0,LEL 15524,Em exploração,,,,,,,,,,,,,
280627228,566314772,280627228,1401S5636700,INE-OLHO BOI,1974.0,12-1996,,,50910005,INE - Reserva Operacional,,,,,,,,,,,,,
280192280,566316041,280192280,1401S5636700,INE-OLHO BOI,1979.0,12-1996,,1.0,19327 C,INE - Reserva Operacional,,,,,,,,,,,,,
280192278,566316150,280192278,1401S5636700,INE-OLHO BOI,1974.0,12-1982,,,LEL8898,INE - Reserva Operacional,,,,,,,,,,,,,
280187514,567792319,280187514,1312S5013300,ANTAS,1973.0,02-2012,,1.0,LEL 7424,Em exploração,,,,,,,,,,,,,
280859769,575690397,280859769,1012S5000500,SANCHEIRA,2014.0,11-2014,,2.0,46847,Em exploração,,,,,,,,,,,,,
280218041,576194890,280218041,1421S5002900,OURÉM,1972.0,11-1974,,1.0,10434 S,Em exploração,,,,,,,,,,,,,
280811822,582379491,280811822,1113S5900500,TORRES VEDRAS SUL,1998.0,08-2012,,2.0,C 13525,Em exploração,,,,,,,,,,,,,
280192313,589188243,280192313,0305S5012300,FERMIL DE BASTO,2001.0,12-2002,,2.0,C 13932,Em exploração,,,,,,,,,,,,,
280190617,595384256,280190617,0311S5023400,CANIÇADA,1979.0,12-1982,,2.0,14010,Em exploração,,,,,,,,,,,,,
280822391,601985440,280822391,1106S5815000,ALTO DO LUMIAR,2012.0,12-2012,,2.0,1LIT754607.01,Em exploração,,,,,,,,,,,,,
280815825,603335916,280815825,1609S5001100,SANTA MARTA DE PORTUZELO,2011.0,10-2012,,2.0,1LIT754481.05,Em exploração,,,,,,,,,,,,,
280182332,608931642,280182332,1201S5904100,ALTER DO CHÃO,1980.0,12-2012,,1.0,LEL 16237,Em exploração,,,,,,,,,,,,,
280822986,609765640,280822986,1116S5903800,CANEÇAS,1974.0,12-2012,,2.0,13068 C,Em exploração,,,,,,,,,,,,,
280846836,614413482,280846836,1106S5902900,MARVILA ,2012.0,04-2013,,2.0,1 LIT 75607 02,Em exploração,,,,,,,,,,,,,
280846837,614424690,280846837,1106S5902900,MARVILA ,2012.0,06-2013,,1.0,1 LIT 75607 03,Em exploração,,,,,,,,,,,,,
280860003,616118059,280860003,0808S5904800,VILAMOURA B,2013.0,12-2013,,2.0,C 0786 A,Em exploração,,,,,,,,,,,,,
280860004,621813931,280860004,1511S3009900,COMIBERLAND - TP ELEV 15/30,1976.0,03-2013,,1.0,LEL 10689,Em exploração,,,,,,,,,,,,,
280216343,624004523,280216343,0811S5060400,PORTO DE LAGOS,1974.0,12-1976,,2.0,LEL 8195,Em exploração,,,,,,,,,,,,,
280182360,643643754,280182360,0502S5010400,ALCAINS,1985.0,08-2013,,2.0,19463 C,Em exploração,,,,,,,,,,,,,
280834872,644411125,280834872,1512S5030700,SÃO SEBASTIÃO,2013.0,06-2013,,3.0,C 0780 A,Em exploração,,,,,,,,,,,,,
280228833,644940196,280228833,1405S3032700,CAMPO TIRO DE ALCOCHETE,1981.0,12-1966,,1.0,LEL 17930,Em exploração,,,,,,,,,,,,,
280837665,649896200,280837665,0109S5020900,NOGUEIRA DA REGEDOURA,2012.0,09-2013,,1.0,C 0782 A,Em exploração,,,,,,,,,,,,,
280845625,652639885,280845625,1316S5022100,MINDELO,2013.0,03-2014,,2.0,C 0783 A,Em exploração,,,,,,,,,,,,,
280839438,653442853,280839438,0604S5005400,CONDEIXA,1963.0,09-2013,,4.0,6083,INE - Reserva Operacional,2019-05-01,Recurso,,,ED-0312-SE-60-NE_RUI,INE RUIVÃES,-,,,,,,
280190667,661959633,280190667,0801S5063000,ALBUFEIRA,1991.0,12-1992,,2.0,LEL 39648,Em exploração,,,,,,,,,,,,,
280841224,667219377,280841224,0109S5014500,FEIRA,2013.0,12-2013,,2.0,C 0784 A,Em exploração,,,,,,,,,,,,,
280182309,672751093,280182309,1105S5376000,ESTORIL,1973.0,12-1975,,1.0,7338023,Em exploração,,,,,,,,,,,,,
280842121,675168594,280842121,1416S5902600,SÃO BENTO,2008.0,02-2009,,1.0,C 0244 A,Em exploração,,,,,,,,,,,,,
280846024,676690938,280846024,1706S5015000,MORGADE,2014.0,04-2014,,2.0,46792,Em exploração,,,,,,,,,,,,,
280844978,677308463,280844978,1508S5903500,QUINTA DO ANJO,2014.0,03-2014,,2.0,LEL 111861,Em exploração,,,,,,,,,,,,,
280845988,681421025,280845988,0117S5023700,SEVER DO VOUGA,2013.0,04-2014,,2.0,46793,Em exploração,,,,,,,,,,,,,
280185915,683385121,280185915,1012S5000500,SANCHEIRA,1994.0,01-2007,,1.0,C 12726,Em exploração,,,,,,,,,,,,,
280579196,683385140,280579196,1010S5000000,MARINHA GRANDE,2008.0,12-2009,,2.0,C 0247 B,Em exploração,,,,,,,,,,,,,
280192320,683385159,280192320,1006S5003000,CALDAS DA RAINHA,1979.0,12-1980,,1.0,LEL 14321,Em exploração,,,,,,,,,,,,,
280217229,683385317,280217229,1010S5000000,MARINHA GRANDE,2007.0,09-2009,,1.0,C 0247 A,Em exploração,,,,,,,,,,,,,
280190605,695848682,280190605,1504S5020300,BARREIRO,1989.0,12-1991,,2.0,LEL 32622,Em exploração,,,,,,,,,,,,,
280859090,702480892,280859090,0801S5900800,MONTECHORO,2014.0,10-2014,,2.0,119365,Em exploração,,,,,,,,,,,,,
280858024,706685090,280858024,0210S5050700,AMARELEJA,2014.0,11-2014,,2.0,LEL 111863,Em exploração,,,,,,,,,,,,,
280859091,708776083,280859091,1311S5023500,SANTIAGO DE SUBARRIFANA,2013.0,09-2014,,2.0,C 0785 A,Em exploração,,,,,,,,,,,,,
280555963,709021411,280555963,1401S5636700,INE-OLHO BOI,1973.0,12-1984,,1.0,73.27064,INE - Reserva Operacional,,,,,,,,,,,,,
280187553,709684686,280187553,0507S5024400,MEIMOA,1982.0,10-2014,2014.0,1.0,LEL 20090,Em exploração,,,,,,,,,,,,,
280192200,712077541,280192200,1015S5904900,LOURIÇAL,1973.0,05-2002,,2.0,13046 C,Em exploração,,,,,,,,,,,,,
280857488,717355259,280857488,1009S5023300,PARCEIROS,2013.0,10-2014,,2.0,C 0781 A,Em exploração,,,,,,,,,,,,,
280216342,733065460,280216342,1512S5030700,INE-SÃO SEBASTIÃO,1973.0,---,,1.0,73.27065,INE - Reserva Operacional,,,,,,,,,,,,,
280859567,733751859,280859567,1101S5423500,MERCEANA,2014.0,11-2014,,2.0,LEL 111864,Em exploração,,,,,,,,,,,,,
280865628,740821393,280865628,1318S5020300,MURO,2014.0,02-2015,,1.0,121584,Em exploração,,,,,,,,,,,,,
280579355,744127992,280579355,1512S5030700,INE-SÃO SEBASTIÃO,1992.0,---,,1.0,C 12469,INE - Reserva Operacional,,,,,,,,,,,,,
280182324,744128045,280182324,1512S5030700,INE-SÃO SEBASTIÃO,1975.0,---,,2.0,13101C,INE - Reserva Operacional,,,,,,,,,,,,,
280868921,748145498,280868921,1106S5183100,ZAMBUJAL,2014.0,05-2014,,2.0,119313   ,Em exploração,,,,,,,,,,,,,
280866781,751124044,280866781,0407S5014900,MIRANDELA,2014.0,03-2015,,1.0,C 0918 A,Em exploração,,,,,,,,,,,,,
280182388,766448604,280182388,1512S5030700,INE-SÃO SEBASTIÃO,1968.0,---,,1.0,7685 S,INE - Em decisão,,,,,,,,,,,,,
280627230,771276508,280627230,1401S5636700,INE-OLHO BOI,1979.0,12-1996,,,LEL13319,INE - Reserva Operacional,,,,,,,,,,,,,
280579494,774606972,280579494,1001S5905000,ALCOBAÇA,2004.0,12-2004,,2.0,C 0098 A,Em exploração,,,,,,,,,,,,,
280211764,779537510,280211764,0312S5008500,INE-RUIVÃES,1962.0,12-1982,,1.0,5651,INE - Reserva Operacional,,,,,,,,,,,,,
280879103,780354328,280879103,1504S5020700,VILA CHÃ,2014.0,11-2015,,1.0,LEL 111862,Em exploração,,,,,,,,,,,,,
280182114,782275472,280182114,1401S5636700,INE-OLHO BOI,1973.0,12-1984,,2.0,13054 C,INE - Reserva Operacional,,,,,,,,,,,,,
280182120,782275561,280182120,1401S5636700,INE-OLHO BOI,1969.0,---,,1.0,LEL4768,INE - Reserva Operacional,,,,,,,,,,,,,
280217543,794055399,280217543,1311S5006900,ENTRE-OS-RIOS,2005.0,09-2005,,2.0,C 0121 A,Em exploração,,,,,,,,,,,,,
280192271,794069811,280192271,1512S5030700,INE-SÃO SEBASTIÃO,1978.0,---,,1.0,LEL13797,INE - Reserva Operacional,,,,,,,,,,,,,
280881251,795069393,280881251,1110S5900200,BARCARENA,2012.0,12-2015,,2.0,1 LIT 754607-04,Em exploração,,,,,,,,,,,,,
280881252,795628974,280881252,0713S5900400,VIANA DO ALENTEJO,2014.0,12-2015,,2.0,C 0926 A,Em exploração,,,,,,,,,,,,,
280881872,796612891,280881872,1401S5636700,INE-OLHO BOI,1980.0,---,,1.0,LEL16866,INE - Obra Prevista,,,,,,,,,,,,,
280882846,798906691,280882846,1512S5030700,INE-SÃO SEBASTIÃO,2015.0,---,,,124365,INE - Reserva Operacional,,,,,,,,,,,,,
280882847,798906728,280882847,1401S5636700,INE-OLHO BOI,1974.0,---,,,LEL8874,INE - Reserva Operacional,,,,,,,,,,,,,
280228832,798906871,280228832,1512S5030700,INE-SÃO SEBASTIÃO,1965.0,---,,2.0,7317 S,INE - Reserva Operacional,,,,,,,,,,,,,
280887326,806624271,280887326,1508S5031800,CARRASCAS,2014.0,11-2015,,2.0,121871,Em exploração,,,,,,,,,,,,,
280886361,806974886,280886361,0405S5002200,MACEDO DE CAVALEIROS,2015.0,03-2016,,2.0,F 001886.01,Em exploração,,,,,,,,,,,,,
280181903,819360433,280181903,1512S5030700,INE-SÃO SEBASTIÃO,1978.0,---,,,19286-C,INE - Reserva Operacional,,,,,,,,,,,,,
280897570,827232811,280897570,1107S5097500,MOSCAVIDE,2016.0,09-2016,,3.0,1LIT55283-03,Em exploração,,,,,,,,,,,,,
280651887,827428228,280651887,0312S6008500,INE-RUIVÃES,2009.0,---,,3.0,C-0389A,INE - Reserva Operacional,,,,,,,,,,,,,
280185858,830876242,280185858,0312S6008500,INE-RUIVÃES,1977.0,---,,1.0,13179 C,INE - Reserva Operacional,,,,,,,,,,,,,
280898717,830959095,280898717,0603S3013500,MONTARROIO (SMTUC),1986.0,05-1992,,1.0,842,Em exploração,,,,,,,,,,,,,
280878214,832224624,280878214,0711S5042400,REGUENGOS DE MONSARAZ,1972.0,12-1973,,1.0,13031 C,Em exploração,,,,,,,,,,,,,
280902452,832302390,280902452,1109S5905600,GRADIL,2016.0,12-2016,,2.0,F002135.01,Em exploração,,,,,,,,,,,,,
280897571,832375633,280897571,0502S5010400,ALCAINS,2016.0,10-2016,,1.0,1 LIT 755283-01,Em exploração,,,,,,,,,,,,,
280902242,842024928,280902242,0312S5008500,RUIVÃES,2016.0,11-2016,,2.0,128406,Intervenção em fábrica,2019-03-01,Avaria,,,,,,,Regressará à SE Ruivães após beneficiação,,,,
280187563,843664846,280187563,0312S6008500,INE-RUIVÃES,1966.0,---,,4.0,7664 S,INE - Reserva Operacional,,,,,,,,,,,,,
280902341,843883073,280902341,1512S5030700,INE-SÃO SEBASTIÃO,2016.0,---,,,F002137.01,Em exploração,2019-12-11,Avaria,,,ED-1107-SE-60-167800,SE ANAIA,1,,,,,,
280902342,843883135,280902342,1512S5030700,INE-SÃO SEBASTIÃO,2016.0,---,,,1LIT755283-02,INE - Reserva Operacional,,,,,,,,,,,,,
280211763,846346288,280211763,0312S5990200,SE MÓVEL 02,1991.0,01-1991,2018.0,2.0,C 12366,Em exploração,,,,,,,,,,,,,
280907901,850892273,280907901,0312S6008500,INE-RUIVÃES,2016.0,---,,,128407,Em exploração,2019-03-01,Avaria,,,ED-0312-SE-60-008500,SE RUIVÃES,2,,,,,,
280905525,852302794,280905525,0912S5008200,LORIGA,1962.0,12-1992,,1.0,5040,Em exploração,,,,,,,,,,,,,
280913191,859232682,280913191,1601S5024900,MOGUEIRAS,2016.0,07-2017,,1.0,1 LIT 755284,Em exploração,,,,,,,,,,,,,
280185889,861795414,280185889,0907S5024600,CASAL DE CINZA,1994.0,06-1995,,1.0,LEL 47927,Em exploração,,,,,,,,,,,,,
280921758,865815642,280921758,0409S5025200,AÇOREIRA,2017.0,11-2017,,2.0,F002311.01,Em exploração,,,,,,,,,,,,,
280612824,945729475,280612824,1512S5991000,SE MÓVEL 10,1982.0,12-1981,,1.0,LEL 15458,Em exploração,,,,,,,,,,,,,
280192100,961622488,280192100,1111S5905700,GODIGANA,1998.0,06-2000,,2.0,C 13521,Em exploração,,,,,,,,,,,,,
280190609,971417538,280190609,0702S5040700,CERÂMICA,1983.0,04-1999,,1.0,19408 C,Em exploração,,,,,,,,,,,,,
227229003,995681807,227229003,1010S5011000,CASAL DA LEBRE,1979.0,12-1980,,3.0,LEL 13339,Em exploração,2019-01-01,Beneficiação em fábrica,,,ED-0604-SE-60-005400,SE CONDEIXA,1,,,,,,
ID_2,---,ID_2,1114S5140100,ALHANDRA,2017.0,12-2017,,3.0,C-1101A,Em exploração,,,,,,,,,,,,,
ID_3,---,ID_3,1805S5001700,VAROSA,2017.0,---,,1.0,F002251.01,Em exploração,,,,,,,,,,,,,
ID_INE5,---,ID_INE5,1401S5636700,INE-OLHO BOI,2017.0,---,,,170978A/01,Em exploração,2019-05-01,Avaria,,,ED-1311-SE-60-006900,SE ENTRE-OS-RIOS,1,,,,,,
ID_INE2,---,ID_INE2,1401S5636700,INE-OLHO BOI,1984.0,---,,,LEL25239,INE - Reserva Operacional,,,,,,,,,,,,,
ID_INE4,---,ID_INE4,1512S5030700,INE-SÃO SEBASTIÃO,2016.0,---,,,130628,INE - Reserva Operacional,,,,,,,,,,,,,
ID_INE6,---,ID_INE6,1512S5030700,INE-SÃO SEBASTIÃO,2012.0,---,,,1LIT754607-05,Em exploração,2019-02-01,Beneficiação em fábrica,,,ED-1106-SE-60-716600,SE ARCO CARVALHÃO,1,2800-18C105680,,,,,
ID_INE7,---,ID_INE7,1512S5030700,INE-SÃO SEBASTIÃO,2018.0,---,,,C-1157A,INE - Obra Prevista,,,,,,,,,,,,,
ID_INE3,---,ID_INE3,1512S5030700,INE-SÃO SEBASTIÃO,1972.0,---,,,12926 C,INE - Reserva Operacional,,,,,,,,,,,,,
,,,,,,,,,C-1100A,Em exploração,2019-01-01,,,,ED-1106-SE-60-907000,SE BOAVISTA (LISBOA),2,2800-17C069527,,,,,
,,,,,,,,,C-1187 A,Em exploração,2019-05-24,,,,ED-1106-SE-60-200200,SE PRAÇA DA FIGUEIRA,2,2800-18C100951,,,,,
,,,,,,,,,C 1256 A,Em exploração,2019-12-01,,,,ED-1114-SE-60-140100,SE ALHANDRA,1,2800-18C101427,,,,,
,,,,,,,,,C 1255 A,INE - Reserva Operacional,2019-12-01,,,,ED-1401-SE-60-NE_OLH,INE OLHO DE BOI,-,2800-18C056081,,,,,
280192302,843533008,280192302,1010S5011000,CASAL DA LEBRE,1979.0,12-1980,,3.0,LEL 13338,Em exploração,,,,,,,,,,,,,
